,Location,Sex Assigned at Birth,Age,Education,Race/Origin,Citizenship,Marital Status,Religion,Religious Service Attendance,Politics,Income,Political Views,Household Size,Employment Status
0,"West (WA, OR, ID, MT, WY, CA, NV, UT, CO, AZ, NM)",Male,30-49,High school graduate,White,"Yes, a citizen of the United States",Never been married,Atheist,Never,Something else,"Less than $30,000",Moderate,3 people,Self-employed
1,"South (TX, OK, AR, LA, KY, TN, MS, AL, WV, DC, MD, DE, VA, NC, SC, GA, FL)",Male,18-29,Less than high school,Hispanic,"Yes, a citizen of the United States",Never been married,Protestant,Seldom,Republican,,Conservative,3 people,Unemployed
3,"South (TX, OK, AR, LA, KY, TN, MS, AL, WV, DC, MD, DE, VA, NC, SC, GA, FL)",Female,50-64,Associate's degree,White,"Yes, a citizen of the United States",Never been married,Protestant,Once or twice a month,Republican,"Less than $30,000",Conservative,1 person,Part-time employment
5,"Northeast (PA, NY, NJ, RI, CT, MA, VT, NH, ME)",Female,30-49,College graduate/some postgrad,White,"Yes, a citizen of the United States",Never been married,Agnostic,Never,Something else,,Very liberal,2 people,Part-time employment
7,"South (TX, OK, AR, LA, KY, TN, MS, AL, WV, DC, MD, DE, VA, NC, SC, GA, FL)",Male,30-49,High school graduate,Black,"Yes, a citizen of the United States",Never been married,Protestant,Once a week,,,Liberal,2 people,Full-time employment
8,"Midwest (ND, SD, NE, KS, MN, IA, MO, WI, IL, MI, IN, OH)",Male,65+,"Some college, no degree",White,,Divorced,Roman Catholic,A few times a year,Independent,,Moderate,1 person,Part-time employment
13,"Midwest (ND, SD, NE, KS, MN, IA, MO, WI, IL, MI, IN, OH)",Male,30-49,College graduate/some postgrad,White,,,Roman Catholic,Seldom,Democrat,,Very liberal,2 people,Full-time employment
17,"Lives in the South region of the United States (TX, OK, AR, LA, KY, TN, MS, AL, WV, DC, MD, DE, VA, NC, SC, GA, FL).",Female.,18-29 years old.,Associate's degree.,White.,"Yes, a citizen of the United States.",Never been married.,"Other (not Protestant, Roman Catholic, Mormon, Orthodox, Jewish, Muslim, Buddhist, Hindu, Atheist, Agnostic, or Nothing in particular).",A few times a year (aside from weddings and funerals).,Independent.,,Liberal.,3 people.,Student.
20,"West (WA, OR, ID, MT, WY, CA, NV, UT, CO, AZ, NM)",Female,30-49,Postgraduate,Hispanic,"Yes, a citizen of the United States",Married,Roman Catholic,A few times a year,,,Moderate,4 people,Home-maker
22,"South (TX, OK, AR, LA, KY, TN, MS, AL, WV, DC, MD, DE, VA, NC, SC, GA, FL)",Female,50-64,Postgraduate,Black,,Divorced,Other,Seldom,,,Very liberal,3,Full-time employment
24,"Northeast (PA, NY, NJ, RI, CT, MA, VT, NH, ME)",Female,18-29,High school graduate,White,,Never been married,Agnostic,Never,Democrat,,Liberal,4,Full-time employment
25,"South (TX, OK, AR, LA, KY, TN, MS, AL, WV, DC, MD, DE, VA, NC, SC, GA, FL)",Male,18-29,High school graduate,Black,"Yes, a citizen of the United States",,Protestant,Seldom,,,Moderate,2 people,Full-time employment
26,"Northeast (PA, NY, NJ, RI, CT, MA, VT, NH, ME)",Male,50-64,Postgraduate,White,,Never been married,Other,Never,Republican,"Less than $30,000",Very conservative,1,Retired
27,"Northeast (PA, NY, NJ, RI, CT, MA, VT, NH, ME)",Female,30-49,"Some college, no degree",White,,Divorced,Jewish,A few times a year,Democrat,,Liberal,3,Self-employed
28,"South (TX, OK, AR, LA, KY, TN, MS, AL, WV, DC, MD, DE, VA, NC, SC, GA, FL)",Female,65+,College graduate/some postgrad,White,Yes,,Protestant,Once or twice a month,Independent,"Less than $30,000",Moderate,1,Part-time employment
29,"West (WA, OR, ID, MT, WY, CA, NV, UT, CO, AZ, NM)",Female,30-49,High school graduate,White,"Yes, a citizen of the United States",,Agnostic,Never,Democrat,"Less than $30,000",Liberal,More than 4,Self-employed
30,"Northeast (PA, NY, NJ, RI, CT, MA, VT, NH, ME)",Female,30-49,High school graduate,White,,Never been married,Other,A few times a year,Independent,,Liberal,3,Self-employed
32,"West (WA, OR, ID, MT, WY, CA, NV, UT, CO, AZ, NM)",Male,30-49,College graduate/some postgrad,Black,"Yes, a citizen of the United States",Married,Protestant,Once a week,,,Very conservative,More than 4,Unemployed
33,"West (WA, OR, ID, MT, WY, CA, NV, UT, CO, AZ, NM)",Female,30-49,High school graduate,Other,,Married,Atheist,Never,,,Moderate,3,Home-maker
34,"West (WA, OR, ID, MT, WY, CA, NV, UT, CO, AZ, NM)",Male,50-64,Postgraduate,Asian,"Yes, a citizen of the United States",Married,Roman Catholic,Once a week,Democrat,,Moderate,3 people,Unemployed
35,"Northeast (PA, NY, NJ, RI, CT, MA, VT, NH, ME)",Female,30-49,"Some college, no degree",White,,Never been married,Agnostic,Never,Democrat,,Moderate,3 people,Full-time employment
37,"South (TX, OK, AR, LA, KY, TN, MS, AL, WV, DC, MD, DE, VA, NC, SC, GA, FL)",Male,65+,High school graduate,Black,"Yes, a citizen of the United States",Married,Nothing in particular,Seldom,,,Liberal,2 people,Retired
39,"West (WA, OR, ID, MT, WY, CA, NV, UT, CO, AZ, NM)",Female,30-49,Postgraduate,Other,,Married,Agnostic,Never,Democrat,,Very liberal,3,Full-time employment
40,"Midwest (ND, SD, NE, KS, MN, IA, MO, WI, IL, MI, IN, OH)",Female,18-29,"Some college, no degree",White,"Yes, a citizen of the United States",,Nothing in particular,A few times a year,Republican,"Less than $30,000",Conservative,3 people,Home-maker
42,"South (TX, OK, AR, LA, KY, TN, MS, AL, WV, DC, MD, DE, VA, NC, SC, GA, FL)",Male,30-49,Associate's degree,Asian,"Yes, a citizen of the United States",,Agnostic,Never,Democrat,,Very liberal,2 people,Full-time employment
43,"West (WA, OR, ID, MT, WY, CA, NV, UT, CO, AZ, NM)",Female,18-29,College graduate/some postgrad,White,,Married,Roman Catholic,Once a week,,,Very conservative,3 people,Full-time employment
44,"West (WA, OR, ID, MT, WY, CA, NV, UT, CO, AZ, NM)",Male,30-49,College graduate/some postgrad,Other,,,Agnostic,Never,Democrat,"Less than $30,000",Very liberal,2,Self-employed
45,"South (TX, OK, AR, LA, KY, TN, MS, AL, WV, DC, MD, DE, VA, NC, SC, GA, FL)",Male,30-49,Associate's degree,White,"Yes, a citizen of the United States",,Atheist,Never,Democrat,,Very liberal,4 people,Full-time employment
46,"Northeast (PA, NY, NJ, RI, CT, MA, VT, NH, ME)",Male,50-64,Postgraduate,White,,Married,Protestant,More than once a week,Republican,,Moderate,3 people,Full-time employment
48,"Northeast (PA, NY, NJ, RI, CT, MA, VT, NH, ME)",Female,30-49,"Some college, no degree",White,,Married,Protestant,More than once a week,Independent,,Conservative,More than 4,Self-employed
49,"South (TX, OK, AR, LA, KY, TN, MS, AL, WV, DC, MD, DE, VA, NC, SC, GA, FL)",Female,50-64,College graduate/some postgrad,Black,,Never been married,Protestant,Seldom,Democrat,,Moderate,3,Retired
50,"Northeast (PA, NY, NJ, RI, CT, MA, VT, NH, ME)",Female,50-64,"Some college, no degree",White,,Married,Protestant,Seldom,Republican,,Conservative,2,Retired
51,"South (TX, OK, AR, LA, KY, TN, MS, AL, WV, DC, MD, DE, VA, NC, SC, GA, FL)",Female,65+,Postgraduate,White,,Married,Protestant,A few times a year,Republican,,Conservative,2,Full-time employment
52,"Midwest (ND, SD, NE, KS, MN, IA, MO, WI, IL, MI, IN, OH)",Male,30-49,High school graduate,White,,Never been married,Atheist,Never,Independent,,Moderate,3,Full-time employment
53,"West (WA, OR, ID, MT, WY, CA, NV, UT, CO, AZ, NM)",Male,30-49,College graduate/some postgrad,Other,,,Agnostic,Never,Democrat,,Very liberal,3,Full-time employment
54,"Midwest (ND, SD, NE, KS, MN, IA, MO, WI, IL, MI, IN, OH)",Male,30-49,Associate's degree,White,,Never been married,Protestant,Seldom,Republican,,Conservative,3,Unemployed
55,"Northeast (PA, NY, NJ, RI, CT, MA, VT, NH, ME)",Male,50-64,Postgraduate,White,,Married,Protestant,Once a week,,,Moderate,2,Retired
57,"West (WA, OR, ID, MT, WY, CA, NV, UT, CO, AZ, NM)",Female,50-64,College graduate/some postgrad,White,"Yes, a citizen of the United States",Divorced,Atheist,Never,,,Very liberal,2 people,Unemployed
58,"Northeast (PA, NY, NJ, RI, CT, MA, VT, NH, ME)",Female,18-29,College graduate/some postgrad,White,,,Protestant,Seldom,Independent,,Moderate,2,Full-time employment
59,"West (WA, OR, ID, MT, WY, CA, NV, UT, CO, AZ, NM)",Male,65+,College graduate/some postgrad,White,,Married,Roman Catholic,Once a week,,,Conservative,4,Full-time employment
60,"South (TX, OK, AR, LA, KY, TN, MS, AL, WV, DC, MD, DE, VA, NC, SC, GA, FL)",Male,30-49,Postgraduate,White,,Married,Agnostic,Never,Independent,,Liberal,4,Full-time employment
62,"Midwest (ND, SD, NE, KS, MN, IA, MO, WI, IL, MI, IN, OH)",Female,30-49,Postgraduate,White,"Yes, a citizen of the United States",Married,Atheist,Never,,,Very liberal,2 people,Full-time employment
66,"Midwest (ND, SD, NE, KS, MN, IA, MO, WI, IL, MI, OH)",Male,30-49,College graduate/some postgrad,Black,"Yes, a citizen of the United States",Never been married,Atheist,Never,Democrat,,Liberal,1 person,Full-time employment
68,"South (TX, OK, AR, LA, KY, TN, MS, AL, WV, DC, MD, DE, VA, NC, SC, GA, FL)",Female,50-64,Associate's degree,White,,Widowed,Protestant,Seldom,Republican,,Conservative,1 person,Unemployed
69,"West (WA, OR, ID, MT, WY, CA, NV, UT, CO, AZ, NM)",Female,18-29,College graduate/some postgrad,Asian,,Never been married,Buddhist,A few times a year,,,Moderate,More than 4,Part-time employment
71,"West (WA, OR, ID, MT, WY, CA, NV, UT, CO, AZ, NM)",Male,30-49,"Some college, no degree",Hispanic,"Yes, a citizen of the United States",,Roman Catholic,A few times a year,,,Conservative,3 people,Full-time employment
75,"West (WA, OR, ID, MT, WY, CA, NV, UT, CO, AZ, NM)",Female,30-49,College graduate/some postgrad,Black,"Yes, a citizen of the United States",Never been married,Other,Once a week,Republican,"Less than $30,000",Very conservative,3,Student
76,"Northeast (PA, NY, NJ, RI, CT, MA, VT, NH, ME)",Female,50-64,College graduate/some postgrad,White,,Never been married,Nothing in particular,Never,Democrat,,Liberal,1,Retired
77,"South (TX, OK, AR, LA, KY, TN, MS, AL, WV, DC, MD, DE, VA, NC, SC, GA, FL)",Female,50-64,Associate's degree,White,"Yes, a citizen of the United States",Never been married,Agnostic,Seldom,,,Moderate,1 person,Unemployed
78,"South (TX, OK, AR, LA, KY, TN, MS, AL, WV, DC, MD, DE, VA, NC, SC, GA, FL)",Female,65+,"Some college, no degree",Black,"Yes, a citizen of the United States",Divorced,Protestant,Seldom,,,Moderate,1 person,Retired
81,"Midwest (ND, SD, NE, KS, MN, IA, MO, WI, IL, MI, IN, OH)",Female,50-64,"Some college, no degree",White,,Married,Protestant,Never,Republican,,Very conservative,2,Part-time employment
82,"South (TX, OK, AR, LA, KY, TN, MS, AL, WV, DC, MD, DE, VA, NC, SC, GA, FL)",Female,50-64,"Some college, no degree",White,"Yes, a citizen of the United States",Widowed,Other,Never,Independent,,Moderate,3 people,Self-employed
83,"South (TX, OK, AR, LA, KY, TN, MS, AL, WV, DC, MD, DE, VA, NC, SC, GA, FL)",Female,30-49,College graduate/some postgrad,White,"Yes, a citizen of the United States",Never been married,Atheist,Never,,,Very liberal,2 people,Unemployed
84,"West (WA, OR, ID, MT, WY, CA, NV, UT, CO, AZ, NM)",Female,65+,College graduate/some postgrad,White,,Divorced,Protestant,Once a week,,,Conservative,1,Retired
85,"Northeast (PA, NY, NJ, RI, CT, MA, VT, NH, ME)",Female,30-49,College graduate/some postgrad,Black,"Yes, a citizen of the United States",Never been married,Agnostic,Never,Democrat,"\$75,000-\$100,000",Liberal,1 person,Full-time employment
86,"Midwest (ND, SD, NE, KS, MN, IA, MO, WI, IL, MI, IN, OH)",Male,65+,College graduate/some postgrad,Black,,Married,Nothing in particular,Never,Democrat,,Liberal,2,Retired
88,"West (WA, OR, ID, MT, WY, CA, NV, UT, CO, AZ, NM)",Male,50-64,College graduate/some postgrad,White,,,Nothing in particular,Never,Democrat,,Very liberal,1,Self-employed
89,"Northeast (PA, NY, NJ, RI, CT, MA, VT, NH, ME)",Female,50-64,College graduate/some postgrad,White,Yes,Married,Protestant,Never,Democrat,,Very liberal,2,Full-time employment
91,"Northeast (PA, NY, NJ, RI, CT, MA, VT, NH, ME)",Male,50-64,Postgraduate,White,,Married,Protestant,Once a week,,,Moderate,4,Full-time employment
92,"West (WA, OR, ID, MT, WY, CA, NV, UT, CO, AZ, NM)",Female,30-49,"Some college, no degree",White,,Married,Agnostic,Seldom,,,Liberal,More than 4,Self-employed
93,"Midwest (ND, SD, NE, KS, MN, IA, MO, WI, IL, MI, IN, OH)",Female,18-29,"Some college, no degree",Black,"Yes, a citizen of the United States",Never been married,Nothing in particular,Never,,,Very liberal,2 people,Unemployed
94,"Northeast (PA, NY, NJ, RI, CT, MA, VT, NH, ME)",Female,30-49,"Some college, no degree",Black,,,Nothing in particular,Seldom,Democrat,,Liberal,3 people,Unemployed
95,"Midwest (ND, SD, NE, KS, MN, IA, MO, WI, IL, MI, IN, OH)",Female,50-64,Postgraduate,White,,Divorced,Atheist,Never,,,Liberal,2 people,Part-time employment
96,"South (TX, OK, AR, LA, KY, TN, MS, AL, WV, DC, MD, DE, VA, NC, SC, GA, FL)",Female,50-64,Associate's degree,Black,,Widowed,Other,Seldom,Democrat,,Liberal,1,Unemployed
97,"South (TX, OK, AR, LA, KY, TN, MS, AL, WV, DC, MD, DE, VA, NC, SC, GA, FL)",Female,65+,"Some college, no degree",White,"Yes, a citizen of the United States",,Agnostic,Never,Independent,"Less than $30,000",Liberal,1 person,Retired
99,"South (TX, OK, AR, LA, KY, TN, MS, AL, WV, DC, MD, DE, VA, NC, SC, GA, FL)",Female,50-64,"Some college, no degree",White,,Divorced,Nothing in particular,Never,,,Moderate,1 person,Home-maker
103,"South (TX, OK, AR, LA, KY, TN, MS, AL, WV, DC, MD, DE, VA, NC, SC, GA, FL)",Female,30-49,College graduate/some postgrad,White,,Never been married,Agnostic,Never,Independent,,Liberal,4,Full-time employment
104,"Northeast (PA, NY, NJ, RI, CT, MA, VT, NH, ME)",Male,18-29,High school graduate,White,,Never been married,Nothing in particular,Never,Independent,,Moderate,4 people,Unemployed
105,"South (TX, OK, AR, LA, KY, TN, MS, AL, WV, DC, MD, DE, VA, NC, SC, GA, FL)",Female,30-49,"Some college, no degree",White,,Never been married,Protestant,Seldom,Democrat,,Moderate,2,Unemployed
106,"West (WA, OR, ID, MT, WY, CA, NV, UT, CO, AZ, NM)",Female,50-64,College graduate/some postgrad,Hispanic,,Married,Roman Catholic,Seldom,,,Moderate,2,Self-employed
107,"Pacific (HI, AK)",Female,30-49,College graduate/some postgrad,Other,,Divorced,Other,Never,Something else,,Very liberal,1,Unemployed
108,"Northeast (PA, NY, NJ, RI, CT, MA, VT, NH, ME)",Female,50-64,Postgraduate,White,,Married,Atheist,Never,Democrat,,Liberal,4,Full-time employment
109,"Midwest (ND, SD, NE, KS, MN, IA, MO, WI, IL, MI, IN, OH)",Male,50-64,College graduate/some postgrad,White,"Yes, a citizen of the United States",Married,Protestant,Once a week,,,Conservative,4 people,Full-time employment
115,"South (TX, OK, AR, LA, KY, TN, MS, AL, WV, DC, MD, DE, VA, NC, SC, GA, FL)",Female,50-64,"Some college, no degree",White,"Yes, a citizen of the United States",Married,Protestant,Seldom,,,Conservative,3 people,Home-maker
116,"Midwest (ND, SD, NE, KS, MN, IA, MO, WI, IL, MI, IN, OH)",Female,18-29,"Some college, no degree",Other,,Never been married,Agnostic,Never,Democrat,,Liberal,More than 4,Student
117,"South (TX, OK, AR, LA, KY, TN, MS, AL, WV, DC, MD, DE, VA, NC, SC, GA, FL)",Male,18-29,College graduate/some postgrad,Black,"Yes, a citizen of the United States",,Roman Catholic,More than once a week,,,Conservative,3 people,Full-time employment
118,"South (TX, OK, AR, LA, KY, TN, MS, AL, WV, DC, MD, DE, VA, NC, SC, GA, FL)",Male,30-49,Postgraduate,White,"Yes, a citizen of the United States",Married,Atheist,Never,,,Liberal,2 people,Full-time employment
119,"South (TX, OK, AR, LA, KY, TN, MS, AL, WV, DC, MD, DE, VA, NC, SC, GA, FL)",Female,50-64,Associate's degree,White,"Yes, a citizen of the United States",Never been married,Protestant,Seldom,Republican,,Conservative,More than 4,Part-time employment
121,"South (TX, OK, AR, LA, KY, TN, MS, AL, WV, DC, MD, DE, VA, NC, SC, GA, FL)",Female,30-49,College graduate/some postgrad,White,,Married,Orthodox,Once a week,Republican,,Very conservative,3,Full-time employment
122,"West (WA, OR, ID, MT, WY, CA, NV, UT, CO, AZ, NM)",Male,50-64,Postgraduate,Asian,"Yes, a citizen of the United States",Married,Roman Catholic,A few times a year,Republican,"$100,000 or more",Conservative,2 people,Full-time employment
124,"South (TX, OK, AR, LA, KY, TN, MS, AL, WV, DC, MD, DE, VA, NC, SC, GA, FL)",Male,65+,Associate's degree,White,"Yes, a citizen of the United States",Married,Atheist,Never,Democrat,"\$50,000-\$75,000",Liberal,3 people,Retired
126,"West (WA, OR, ID, MT, WY, CA, NV, UT, CO, AZ, NM)",Male,50-64,College graduate/some postgrad,Other,,Never been married,Hindu,Seldom,Independent,,Moderate,1,Full-time employment
127,"South (TX, OK, AR, LA, KY, TN, MS, AL, WV, DC, MD, DE, VA, NC, SC, GA, FL)",Female,30-49,"Some college, no degree",White,,,Protestant,Seldom,Republican,,Moderate,2 people,Full-time employment
131,"Lives in the South region of the United States (TX, OK, AR, LA, KY, TN, MS, AL, WV, DC, MD, DE, VA, NC, SC, GA, FL).",Male.,30-49 years old.,High school graduate.,White.,"Yes, a citizen of the United States.",,Other.,Seldom attends religious services (aside from weddings and funerals).,Independent.,"Less than $30,000 per year.",Moderate.,3 people.,Self-employed.
136,"Northeast (PA, NY, NJ, RI, CT, MA, VT, NH, ME)",Female,50-64,College graduate/some postgrad,White,,Married,Roman Catholic,A few times a year,,,Moderate,4,Full-time employment
137,"South (TX, OK, AR, LA, KY, TN, MS, AL, WV, DC, MD, DE, VA, NC, SC, GA, FL)",Female,30-49,"Some college, no degree",Black,,Never been married,Nothing in particular,Never,Democrat,,Very liberal,2,Part-time employment
139,"Midwest (ND, SD, NE, KS, MN, IA, MO, WI, IL, MI, IN, OH)",Female,50-64,"Some college, no degree",Hispanic,"Yes, a citizen of the United States",,Roman Catholic,A few times a year,Republican,"$100,000 or more",Moderate,3 people,Full-time employment
141,"Northeast (PA, NY, NJ, RI, CT, MA, VT, NH, ME)",Female,18-29,College graduate/some postgrad,White,"Yes, a citizen of the United States",,Atheist,Never,Democrat,,Liberal,More than 4,Self-employed
142,"West (WA, OR, ID, MT, WY, CA, NV, UT, CO, AZ, NM)",Female,50-64,College graduate/some postgrad,White,,Never been married,Mormon,Once a week,Republican,,Very conservative,2,Full-time employment
145,"South (TX, OK, AR, LA, KY, TN, MS, AL, WV, DC, MD, DE, VA, NC, SC, GA, FL)",Male,30-49,College graduate/some postgrad,White,,Widowed,Nothing in particular,Never,,,Moderate,2,Part-time employment
146,"West (WA, OR, ID, MT, WY, CA, NV, UT, CO, AZ, NM)",Female,50-64,Postgraduate,Hispanic,"Yes, a citizen of the United States",Married,Mormon,Once a week,,,Moderate,2 people,Self-employed
147,"West (WA, OR, ID, MT, WY, CA, NV, UT, CO, AZ, NM)",Female,65+,College graduate/some postgrad,White,,Divorced,Protestant,Once a week,Independent,,Conservative,2,Retired
151,"West (WA, OR, ID, MT, WY, CA, NV, UT, CO, AZ, NM)",Male,50-64,Postgraduate,Asian,,Never been married,Other,Never,Democrat,,Liberal,1,Retired
152,"South (TX, OK, AR, LA, KY, TN, MS, AL, WV, DC, MD, DE, VA, NC, SC, GA, FL)",Male,30-49,College graduate/some postgrad,White,"Yes, a citizen of the United States",Never been married,Protestant,Never,Republican,,Very conservative,1 person,Full-time employment
153,"West (WA, OR, ID, MT, WY, CA, NV, UT, CO, AZ, NM)",Female,65+,College graduate/some postgrad,White,,,Nothing in particular,Never,,,Very liberal,More than 4,Part-time employment
154,"Lives in the South region of the United States (TX, OK, AR, LA, KY, TN, MS, AL, WV, DC, MD, DE, VA, NC, SC, GA, FL).",Female.,65+.,Postgraduate degree.,White.,"Yes, a citizen of the United States.",Widowed.,Protestant.,Once a week.,Democrat.,,Liberal.,1 person.,Part-time employment.
155,"West (WA, OR, ID, MT, WY, CA, NV, UT, CO, AZ, NM)",Male,50-64,College graduate/some postgrad,White,,Married,Jewish,A few times a year,Independent,"\$100,000 or more",Moderate,2,Full-time employment
156,"South (TX, OK, AR, LA, KY, TN, MS, AL, WV, DC, MD, DE, VA, NC, SC, GA, FL)",Male,18-29,College graduate/some postgrad,White,,Never been married,Protestant,More than once a week,Republican,,Liberal,3,Part-time employment
157,"Northeast (PA, NY, NJ, RI, CT, MA, VT, NH, ME)",Male,50-64,High school graduate,Black,,,Protestant,Never,Democrat,,Conservative,2,Full-time employment
158,"South (TX, OK, AR, LA, KY, TN, MS, AL, WV, DC, MD, DE, VA, NC, SC, GA, FL)",Female,50-64,Postgraduate,White,"Yes, a citizen of the United States",Married,Protestant,A few times a year,Independent,,Moderate,3 people,Full-time employment
159,"South (TX, OK, AR, LA, KY, TN, MS, AL, WV, DC, MD, DE, VA, NC, SC, GA, FL)",Male,50-64,"Some college, no degree",White,"Yes, a citizen of the United States",Married,Roman Catholic,Once a week,Republican,,Conservative,3 people,Full-time employment
160,"West (WA, OR, ID, MT, WY, CA, NV, UT, CO, AZ, NM)",Female,30-49,College graduate/some postgrad,Asian,No,Never been married,Nothing in particular,Never,Democrat,,Moderate,1,Part-time employment
161,"South (TX, OK, AR, LA, KY, TN, MS, AL, WV, DC, MD, DE, VA, NC, SC, GA, FL)",Male,18-29,"Some college, no degree",Other,,,Nothing in particular,Never,,,Moderate,More than 4,Part-time employment
163,"South (TX, OK, AR, LA, KY, TN, MS, AL, WV, DC, MD, DE, VA, NC, SC, GA, FL)",Female,30-49,College graduate/some postgrad,Hispanic,,Married,Roman Catholic,Never,,,Conservative,3,Full-time employment
165,"West (WA, OR, ID, MT, WY, CA, NV, UT, CO, AZ, NM)",Male,50-64,College graduate/some postgrad,White,,,Nothing in particular,Seldom,Democrat,"\$100,000 or more",Liberal,1,Self-employed
166,"South (TX, OK, AR, LA, KY, TN, MS, AL, WV, DC, MD, DE, VA, NC, SC, GA, FL)",Male,18-29,High school graduate,White,,Never been married,Nothing in particular,Seldom,,,Liberal,More than 4,Unemployed
167,"South (TX, OK, AR, LA, KY, TN, MS, AL, WV, DC, MD, DE, VA, NC, SC, GA, FL)",Male,50-64,"Some college, no degree",White,,Married,Nothing in particular,Never,Republican,,Conservative,3,Full-time employment
168,"Midwest (ND, SD, NE, KS, MN, IA, MO, WI, IL, MI, IN, OH)",Male,18-29,Less than high school,Other,,Never been married,Agnostic,Never,,,Moderate,More than 4,Unemployed
169,"West (WA, OR, ID, MT, WY, CA, NV, UT, CO, AZ, NM)",Female,30-49,College graduate/some postgrad,White,,Never been married,Nothing in particular,Seldom,Independent,,Moderate,1,Full-time employment
170,"West (WA, OR, ID, MT, WY, CA, NV, UT, CO, AZ, NM)",Female,30-49,"Some college, no degree",White,"Yes, a citizen of the United States",,Atheist,Never,,,Liberal,3 people,Full-time employment
171,"Midwest (ND, SD, NE, KS, MN, IA, MO, WI, IL, MI, IN, OH)",Female,50-64,College graduate/some postgrad,White,"Yes, a citizen of the United States",Married,Atheist,Never,,,Very liberal,2 people,Part-time employment
172,"South (TX, OK, AR, LA, KY, TN, MS, AL, WV, DC, MD, DE, VA, NC, SC, GA, FL)",Male,30-49,Postgraduate,White,"Yes, a citizen of the United States",Married,Protestant,Once a week,,,Liberal,4,Full-time employment
173,"Midwest (ND, SD, NE, KS, MN, IA, MO, WI, IL, MI, IN, OH)",Female,30-49,"Some college, no degree",White,,Widowed,Nothing in particular,Never,,,Moderate,1 person,Part-time employment
174,"Midwest (ND, SD, NE, KS, MN, IA, MO, WI, IL, MI, IN, OH)",Male,30-49,High school graduate,Black,"Yes, a citizen of the United States",Never been married,Nothing in particular,Seldom,,,Moderate,More than 4 people,Full-time employment
175,"West (WA, OR, ID, MT, WY, CA, NV, UT, CO, AZ, NM)",Female,65+,College graduate/some postgrad,White,,,Nothing in particular,Never,Democrat,,Very liberal,1,Retired
176,"Northeast (PA, NY, NJ, RI, CT, MA, VT, NH, ME)",Female,50-64,College graduate/some postgrad,Asian,"Yes, a citizen of the United States",Married,Hindu,Once or twice a month,,,Liberal,3 people,Home-maker
177,"South (TX, OK, AR, LA, KY, TN, MS, AL, WV, DC, MD, DE, VA, NC, SC, GA, FL)",Male,18-29,"Some college, no degree",Hispanic,,Never been married,Nothing in particular,Seldom,Independent,,Moderate,1 person,Part-time employment
178,"South (TX, OK, AR, LA, KY, TN, MS, AL, WV, DC, MD, DE, VA, NC, SC, GA, FL)",Female,30-49,College graduate/some postgrad,White,,,Roman Catholic,A few times a year,Democrat,,Moderate,3,Full-time employment
179,"Northeast (PA, NY, NJ, RI, CT, MA, VT, NH, ME)",Male,50-64,College graduate/some postgrad,White,,Married,Protestant,Seldom,Republican,,Moderate,2,Full-time employment
180,"West (WA, OR, ID, MT, WY, CA, NV, UT, CO, AZ, NM)",Male,50-64,High school graduate,White,,Never been married,Atheist,Never,,,Conservative,2 people,Unemployed
181,"West (WA, OR, ID, MT, WY, CA, NV, UT, CO, AZ, NM)",Male,65+,Postgraduate,White,,Widowed,Agnostic,Never,Democrat,,Very liberal,1,Unemployed
183,"South (TX, OK, AR, LA, KY, TN, MS, AL, WV, DC, MD, DE, VA, NC, SC, GA, FL)",Female,18-29,"Some college, no degree",White,,Never been married,Nothing in particular,Never,Democrat,,Very liberal,4,Self-employed
184,"South (TX, OK, AR, LA, KY, TN, MS, AL, WV, DC, MD, DE, VA, NC, SC, GA, FL)",Male,30-49,High school graduate,Hispanic,"Yes, a citizen of the United States",Never been married,Atheist,Never,Something else,,Very liberal,3 people,Full-time employment
191,"West (WA, OR, ID, MT, WY, CA, NV, UT, CO, AZ, NM)",Female,65+,College graduate/some postgrad,White,Yes,,Protestant,A few times a year,Democrat,,Liberal,2,Unemployed
192,"Midwest (ND, SD, NE, KS, MN, IA, MO, WI, IL, MI, IN, OH)",Female,50-64,College graduate/some postgrad,White,,Divorced,Nothing in particular,Never,Something else,,Moderate,1,Unemployed
193,"West (WA, OR, ID, MT, WY, CA, NV, UT, CO, AZ, NM)",Female,30-49,Associate's degree,Hispanic,"Yes, a citizen of the United States",Married,Protestant,Seldom,Democrat,"\$100,000 or more",Liberal,4 people,Part-time employment
196,"West (WA, OR, ID, MT, WY, CA, NV, UT, CO, AZ, NM)",Female,18-29,College graduate/some postgrad,Hispanic,"Yes, a citizen of the United States",Never been married,Roman Catholic,A few times a year,Democrat,,Liberal,More than 4,Unemployed
198,"Midwest (ND, SD, NE, KS, MN, IA, MO, WI, IL, MI, IN, OH)",Male,30-49,High school graduate,White,"Yes, a citizen of the United States",Never been married,Atheist,Never,Democrat,"\$30,000-\$50,000",Liberal,1 person,Full-time employment
199,"Northeast (PA, NY, NJ, RI, CT, MA, VT, NH, ME)",Female,65+,"Some college, no degree",White,,Divorced,Roman Catholic,Seldom,Democrat,,Liberal,2,Self-employed
200,"West (WA, OR, ID, MT, WY, CA, NV, UT, CO, AZ, NM)",Female,18-29,Postgraduate,Asian,,Never been married,Protestant,Never,Democrat,,Very liberal,3,Full-time employment
201,"Midwest (ND, SD, NE, KS, MN, IA, MO, WI, IL, MI, IN, OH)",Male,50-64,High school graduate,White,,Never been married,Nothing in particular,Seldom,,,Conservative,2 people,Full-time employment
202,"South (TX, OK, AR, LA, KY, TN, MS, AL, WV, DC, MD, DE, VA, NC, SC, GA, FL)",Female,50-64,College graduate/some postgrad,White,,Married,Protestant,Seldom,Republican,,Conservative,2,Retired
205,"Midwest (ND, SD, NE, KS, MN, IA, MO, WI, IL, MI, IN, OH)",Female,30-49,"Some college, no degree",White,"Yes, a citizen of the United States",Married,Protestant,Never,,,Moderate,3 people,Self-employed
208,"Pacific (HI, AK)",Female,30-49,High school graduate,Asian,"Yes, a citizen of the United States",Never been married,Agnostic,Never,,,Very liberal,4 people,Unemployed
210,"South (TX, OK, AR, LA, KY, TN, MS, AL, WV, DC, MD, DE, VA, NC, SC, GA, FL)",Female,30-49,Associate's degree,White,"Yes, a citizen of the United States",Never been married,Agnostic,Seldom,Independent,"\$30,000-\$50,000",Liberal,2 people,Unemployed
212,"Pacific (HI, AK)",Male,30-49,"Some college, no degree",Asian,"Yes, a citizen of the United States",Never been married,Nothing in particular,Never,,,Moderate,3 people,Full-time employment
215,"South (TX, OK, AR, LA, KY, TN, MS, AL, WV, DC, MD, DE, VA, NC, SC, GA, FL)",Female,30-49,College graduate/some postgrad,White,"Yes, a citizen of the United States",Married,Atheist,Never,,,Very liberal,2 people,Part-time employment
216,"South (TX, OK, AR, LA, KY, TN, MS, AL, WV, DC, MD, DE, VA, NC, SC, GA, FL)",Female,30-49,College graduate/some postgrad,Black,"Yes, a citizen of the United States",Married,Nothing in particular,Never,,,Moderate,4 people,Full-time employment
218,"South (TX, OK, AR, LA, KY, TN, MS, AL, WV, DC, MD, DE, VA, NC, SC, GA, FL)",Female,30-49,Associate's degree,White,"Yes, a citizen of the United States",Never been married,Protestant,Once a week,Republican,,Very conservative,4 people,Part-time employment
221,"South (TX, OK, AR, LA, KY, TN, MS, AL, WV, DC, MD, DE, VA, NC, SC, GA, FL)",Female,50-64,Associate's degree,White,"Yes, a citizen of the United States",Married,Protestant,Seldom,Republican,,Conservative,2 people,Full-time employment
223,"Northeast (PA, NY, NJ, RI, CT, MA, VT, NH, ME)",Male,30-49,College graduate/some postgrad,Hispanic,"Yes, a citizen of the United States",Never been married,Atheist,Never,Independent,,Moderate,1 person,Unemployed
225,"West (WA, OR, ID, MT, WY, CA, NV, UT, CO, AZ, NM)",Male,18-29,College graduate/some postgrad,Asian,"Yes, a citizen of the United States",Never been married,Atheist,Never,,,Conservative,2 people,Self-employed
228,"Northeast (PA, NY, NJ, RI, CT, MA, VT, NH, ME)",Female,65+,High school graduate,White,,Divorced,Roman Catholic,Never,,,Conservative,1,Full-time employment
230,"West (WA, OR, ID, MT, WY, CA, NV, UT, CO, AZ, NM)",Female,30-49,College graduate/some postgrad,Asian,"Yes, a citizen of the United States",Never been married,Agnostic,Never,Republican,"\$100,000 or more",Conservative,More than 4,Full-time employment
231,"Lives in the South (TX, OK, AR, LA, KY, TN, MS, AL, WV, DC, MD, DE, VA, NC, SC, GA, FL).",Female.,65+.,High school graduate.,White.,"Yes, a citizen of the United States.",Divorced.,Agnostic.,Never attends religious services (aside from weddings/funerals).,,,Very liberal.,2 people.,Retired.
232,"South (TX, OK, AR, LA, KY, TN, MS, AL, WV, DC, MD, DE, VA, NC, SC, GA, FL)",Male,65+,Associate's degree,White,"Yes, a citizen of the United States",Married,Other,Seldom,,,Very conservative,3 people,Retired
233,"South (TX, OK, AR, LA, KY, TN, MS, AL, WV, DC, MD, DE, VA, NC, SC, GA, FL)",Female,30-49,College graduate/some postgrad,White,"Yes, a citizen of the United States",Married,Other,Once a week,Republican,,Conservative,4 people,Home-maker
234,"Midwest (ND, SD, NE, KS, MN, IA, MO, WI, IL, MI, IN, OH)",Male,30-49,Associate's degree,White,"Yes, a citizen of the United States",Never been married,Agnostic,Never,Democrat,"Less than $30,000",Very liberal,1 person,Part-time employment
235,"South (TX, OK, AR, LA, KY, TN, MS, AL, WV, DC, MD, DE, VA, NC, SC, GA, FL)",Male,30-49,Associate's degree,Hispanic,"Yes, a citizen of the United States",,Roman Catholic,Once a week,Republican,,Conservative,More than 4,Full-time employment
236,"Northeast (PA, NY, NJ, RI, CT, MA, VT, NH, ME)",Female,50-64,College graduate/some postgrad,Other,,Never been married,Other,Never,Independent,,Very liberal,1,Self-employed
237,"Midwest (ND, SD, NE, KS, MN, IA, MO, WI, IL, MI, IN, OH)",Male,30-49,"Some college, no degree",Hispanic,"Yes, a citizen of the United States",Married,Nothing in particular,Seldom,,,Moderate,3 people,Full-time employment
238,"South (TX, OK, AR, LA, KY, TN, MS, AL, WV, DC, MD, DE, VA, NC, SC, GA, FL)",Female,50-64,Postgraduate,Other,,Married,Roman Catholic,Once or twice a month,,,Moderate,2,Self-employed
239,"South (TX, OK, AR, LA, KY, TN, MS, AL, WV, DC, MD, DE, VA, NC, SC, GA, FL)",Male,65+,College graduate/some postgrad,White,"Yes, a citizen of the United States",Widowed,Atheist,Never,Republican,"$50,000-$75,000",Conservative,2,Retired
242,"Northeast (PA, NY, NJ, RI, CT, MA, VT, NH, ME)",Male,50-64,High school graduate,White,,Married,Roman Catholic,A few times a year,,,Moderate,3 people,Retired
244,"South (TX, OK, AR, LA, KY, TN, MS, AL, WV, DC, MD, DE, VA, NC, SC, GA, FL)",Male,18-29,High school graduate,Hispanic,"Yes, a citizen of the United States",Never been married,Agnostic,Never,Independent,"\$30,000-\$50,000",Moderate,3,Unemployed
245,"South (TX, OK, AR, LA, KY, TN, MS, AL, WV, DC, MD, DE, VA, NC, SC, GA, FL)",Male,18-29,Associate's degree,Hispanic,"Yes, a citizen of the United States",,Agnostic,Never,,,Liberal,2 people,Part-time employment
246,"West (WA, OR, ID, MT, WY, CA, NV, UT, CO, AZ, NM)",Male,18-29,"Some college, no degree",Hispanic,"Yes, a citizen of the United States",Never been married,Roman Catholic,A few times a year,Democrat,,Liberal,More than 4,Student
247,"Northeast (PA, NY, NJ, RI, CT, MA, VT, NH, ME)",Female,30-49,Postgraduate,White,,Married,Agnostic,Never,,,Liberal,2,Part-time employment
248,"Midwest (ND, SD, NE, KS, MN, IA, MO, WI, IL, MI, IN, OH)",Female,50-64,College graduate/some postgrad,Other,,Married,Protestant,Seldom,Republican,,Very conservative,2,Full-time employment
249,"Northeast (PA, NY, NJ, RI, CT, MA, VT, NH, ME)",Male,65+,Postgraduate,White,,Divorced,Roman Catholic,Never,Republican,,Conservative,1,Self-employed
250,"South (TX, OK, AR, LA, KY, TN, MS, AL, WV, DC, MD, DE, VA, NC, SC, GA, FL)",Female,50-64,Associate's degree,White,"Yes, a citizen of the United States",Married,Nothing in particular,Never,,,Very liberal,4 people,Full-time employment
255,"Midwest (ND, SD, NE, KS, MN, IA, MO, WI, IL, MI, IN, OH)",Male,30-49,College graduate/some postgrad,Hispanic,"Yes, a citizen of the United States",Never been married,Roman Catholic,Seldom,Democrat,,Very liberal,More than 4,Full-time employment
256,"Northeast (PA, NY, NJ, RI, CT, MA, VT, NH, ME)",Female,50-64,Postgraduate,White,,Divorced,Nothing in particular,Never,,,Conservative,1 person,Unemployed
260,"Northeast (PA, NY, NJ, RI, CT, MA, VT, NH, ME)",Male,65+,College graduate/some postgrad,Black,"Yes, a citizen of the United States",Never been married,Protestant,Once a week,,,Liberal,1 person,Unemployed
263,"Midwest (ND, SD, NE, KS, MN, IA, MO, WI, IL, MI, IN, OH)",Female,50-64,High school graduate,White,"Yes, a citizen of the United States",Married,Protestant,Never,,,Liberal,2 people,Retired
264,"South (TX, OK, AR, LA, KY, TN, MS, AL, WV, DC, MD, DE, VA, NC, SC, GA, FL)",Male,18-29,College graduate/some postgrad,Asian,"Yes, a citizen of the United States",Never been married,Nothing in particular,Never,Democrat,,Liberal,1 person,Full-time employment
265,"Northeast (PA, NY, NJ, RI, CT, MA, VT, NH, ME)",Male,65+,"Some college, no degree",White,,Married,Roman Catholic,Never,Republican,,Conservative,2 people,Unemployed
266,"South (TX, OK, AR, LA, KY, TN, MS, AL, WV, DC, MD, DE, VA, NC, SC, GA, FL)",Male,18-29,High school graduate,White,,Never been married,Nothing in particular,Once or twice a month,,,Liberal,4,Full-time employment
268,"West (WA, OR, ID, MT, WY, CA, NV, UT, CO, AZ, NM)",Male,30-49,High school graduate,White,"Yes, a citizen of the United States",Married,Mormon,A few times a year,,,Conservative,3 people,Full-time employment
269,"Northeast (PA, NY, NJ, RI, CT, MA, VT, NH, ME)",Female,50-64,College graduate/some postgrad,White,,Divorced,Jewish,Never,,,Liberal,1,Part-time employment
270,"West (WA, OR, ID, MT, WY, CA, NV, UT, CO, AZ, NM)",Male,30-49,College graduate/some postgrad,Hispanic,"Yes, a citizen of the United States",Never been married,Roman Catholic,More than once a week,Democrat,"\$100,000 or more",Liberal,3 people,Part-time employment
275,"South (TX, OK, AR, LA, KY, TN, MS, AL, WV, DC, MD, DE, VA, NC, SC, GA, FL)",Female,50-64,High school graduate,White,"Yes, a citizen of the United States",Widowed,Protestant,A few times a year,,,Conservative,1 person,Unemployed
278,"South (TX, OK, AR, LA, KY, TN, MS, AL, WV, DC, MD, DE, VA, NC, SC, GA, FL)",Female,18-29,Postgraduate,Asian,"Yes, a citizen of the United States",Never been married,Agnostic,Seldom,,,Liberal,3 people,Full-time employment
279,"South (TX, OK, AR, LA, KY, TN, MS, AL, WV, DC, MD, DE, VA, NC, SC, GA, FL)",Male,30-49,College graduate/some postgrad,Asian,"Yes, a citizen of the United States",Married,Roman Catholic,Once a week,Republican,,Conservative,3 people,Full-time employment
280,"South (TX, OK, AR, LA, KY, TN, MS, AL, WV, DC, MD, DE, VA, NC, SC, GA, FL)",Female,30-49,College graduate/some postgrad,Black,"Yes, a citizen of the United States",Married,Nothing in particular,Never,,,Liberal,3 people,Full-time employment
281,"Midwest (ND, SD, NE, KS, MN, IA, MO, WI, IL, MI, IN, OH)",Male,18-29,Associate's degree,White,"Yes, a citizen of the United States",Never been married,Roman Catholic,A few times a year,Republican,,Conservative,3 people,Part-time employment
284,"Midwest (ND, SD, NE, KS, MN, IA, MO, WI, IL, MI, IN, OH)",Male,18-29,Less than high school,Hispanic,"Yes, a citizen of the United States",Never been married,Nothing in particular,Never,,,Liberal,More than 4,Unemployed
286,"South (TX, OK, AR, LA, KY, TN, MS, AL, WV, DC, MD, DE, VA, NC, SC, GA, FL)",Male,18-29,High school graduate,White,"Yes, a citizen of the United States",Never been married,Agnostic,Seldom,,,Very conservative,More than 4,Self-employed
287,"South (TX, OK, AR, LA, KY, TN, MS, AL, WV, DC, MD, DE, VA, NC, SC, GA, FL)",Female,50-64,College graduate/some postgrad,White,,Married,Protestant,Once a week,Republican,,Very conservative,4,Full-time employment
288,"Northeast (PA, NY, NJ, RI, CT, MA, VT, NH, ME)",Female,50-64,College graduate/some postgrad,White,,,Atheist,Never,Democrat,,Very liberal,2 people,Unemployed
291,"Northeast (PA, NY, NJ, RI, CT, MA, VT, NH, ME)",Male,50-64,College graduate/some postgrad,White,,Married,Atheist,Never,Democrat,,Liberal,2,Self-employed
292,"West (WA, OR, ID, MT, WY, CA, NV, UT, CO, AZ, NM)",Male,18-29,"Some college, no degree",White,"Yes, a citizen of the United States",Never been married,Agnostic,Never,Independent,,Moderate,4 people,Unemployed
294,"Lives in the South region of the United States (TX, OK, AR, LA, KY, TN, MS, AL, WV, DC, MD, DE, VA, NC, SC, GA, FL).",Male.,30-49 years old.,"Some college, no degree.",Asian.,"Yes, a citizen of the United States.",Never been married.,Agnostic.,Never attends religious services (aside from weddings/funerals).,,,Liberal.,2 people.,Unemployed.
295,"South (TX, OK, AR, LA, KY, TN, MS, AL, WV, DC, MD, DE, VA, NC, SC, GA, FL)",Male,65+,"Some college, no degree",White,"Yes, a citizen of the United States",Divorced,Protestant,Never,,,Moderate,1 person,Self-employed
297,"Lives in the South region of the United States (TX, OK, AR, LA, KY, TN, MS, AL, WV, DC, MD, DE, VA, NC, SC, GA, FL).",Female.,50-64 years old.,College graduate/some postgraduate studies.,Other.,"Yes, a citizen of the United States.",Married.,Other.,Seldom attends religious services (aside from weddings and funerals).,Independent.,"$50,000-$75,000 per year.",Conservative.,3 people.,Self-employed.
298,"Midwest (ND, SD, NE, KS, MN, IA, MO, WI, IL, MI, IN, OH)",Female,50-64,Postgraduate,White,,Divorced,Nothing in particular,Never,Democrat,,Moderate,1 person,Full-time employment
299,"South (TX, OK, AR, LA, KY, TN, MS, AL, WV, DC, MD, DE, VA, NC, SC, GA, FL)",Female,18-29,Associate's degree,White,"Yes, a citizen of the United States",Married,Protestant,More than once a week,,,Very conservative,4 people,Part-time employment
300,"Midwest (ND, SD, NE, KS, MN, IA, MO, WI, IL, MI, IN, OH)",Female,30-49,High school graduate,White,"Yes, a citizen of the United States",,Roman Catholic,Once a week,,,Very conservative,3 people,Full-time employment
301,"Northeast (PA, NY, NJ, RI, CT, MA, VT, NH, ME)",Female,65+,Associate's degree,White,"Yes, a citizen of the United States",Never been married,Roman Catholic,Seldom,Democrat,,Moderate,2 people,Retired
302,"South (TX, OK, AR, LA, KY, TN, MS, AL, WV, DC, MD, DE, VA, NC, SC, GA, FL)",Male,50-64,"Some college, no degree",White,,Married,Protestant,More than once a week,Republican,,Conservative,2,Full-time employment
303,"South (TX, OK, AR, LA, KY, TN, MS, AL, WV, DC, MD, DE, VA, NC, SC, GA, FL)",Female,30-49,College graduate/some postgrad,White,"Yes, a citizen of the United States",Never been married,Protestant,Seldom,Democrat,,Liberal,2 people,Part-time employment
309,"Midwest (ND, SD, NE, KS, MN, IA, MO, WI, IL, MI, IN, OH)",Male,50-64,Associate's degree,White,"Yes, a citizen of the United States",Married,Protestant,Seldom,,,Conservative,2 people,Part-time employment
311,"Midwest (ND, SD, NE, KS, MN, IA, MO, WI, IL, MI, IN, OH)",Female,30-49,"Some college, no degree",White,,Divorced,Other,A few times a year,,,Liberal,2 people,Student
313,"West (WA, OR, ID, MT, WY, CA, NV, UT, CO, AZ, NM)",Male,18-29,College graduate/some postgrad,White,,Married,Protestant,Once a week,,,Very conservative,3,Full-time employment
314,"West (WA, OR, ID, MT, WY, CA, NV, UT, CO, AZ, NM)",Female,50-64,College graduate/some postgrad,Asian,,Divorced,Nothing in particular,Seldom,Democrat,,Very liberal,2 people,Retired
316,"Northeast (PA, NY, NJ, RI, CT, MA, VT, NH, ME)",Male,30-49,High school graduate,White,"Yes, a citizen of the United States",Never been married,Nothing in particular,Seldom,,,Moderate,1 person,Full-time employment
320,"South (TX, OK, AR, LA, KY, TN, MS, AL, WV, DC, MD, DE, VA, NC, SC, GA, FL)",Female,65+,Postgraduate,White,"Yes, a citizen of the United States",Divorced,Protestant,Seldom,Republican,"\$30,000-\$50,000",Conservative,1 person,Retired
321,"Northeast (PA, NY, NJ, RI, CT, MA, VT, NH, ME)",Female,30-49,Postgraduate,White,,Married,Atheist,Never,Democrat,,Very liberal,3,Student
323,"West (WA, OR, ID, MT, WY, CA, NV, UT, CO, AZ, NM)",Female,18-29,High school graduate,Black,,Never been married,Other,Once a week,,,Liberal,4,Student
324,"South (TX, OK, AR, LA, KY, TN, MS, AL, WV, DC, MD, DE, VA, NC, SC, GA, FL)",Female,65+,Associate's degree,Black,"Yes, a citizen of the United States",Married,Other,Once a week,,,Moderate,4 people,Part-time employment
325,"South (TX, OK, AR, LA, KY, TN, MS, AL, WV, DC, MD, DE, VA, NC, SC, GA, FL)",Male,18-29,"Some college, no degree",Hispanic,,,Nothing in particular,Seldom,,,Moderate,2 people,Student
326,"West (WA, OR, ID, MT, WY, CA, NV, UT, CO, AZ, NM)",Female,50-64,College graduate/some postgrad,Asian,"Yes, a citizen of the United States",Married,Agnostic,Seldom,,,Liberal,2 people,Retired
329,"Northeast (PA, NY, NJ, RI, CT, MA, VT, NH, ME)",Female,30-49,"Some college, no degree",Black,,Never been married,Protestant,A few times a year,,,Liberal,2,Full-time employment
330,"South (TX, OK, AR, LA, KY, TN, MS, AL, WV, DC, MD, DE, VA, NC, SC, GA, FL)",Female,30-49,"Some college, no degree",White,,Never been married,Agnostic,Never,Democrat,,Liberal,3,Self-employed
333,"South (TX, OK, AR, LA, KY, TN, MS, AL, WV, DC, MD, DE, VA, NC, SC, GA, FL)",Male,65+,Postgraduate,White,,Married,Protestant,Once a week,,,Very conservative,More than 4,Part-time employment
334,"South (TX, OK, AR, LA, KY, TN, MS, AL, WV, DC, MD, DE, VA, NC, SC, GA, FL)",Female,30-49,High school graduate,Black,"Yes, a citizen of the United States",Married,Other,More than once a week,,,Moderate,More than 4,Part-time employment
336,"South (TX, OK, AR, LA, KY, TN, MS, AL, WV, DC, MD, DE, VA, NC, SC, GA, FL)",Female,50-64,College graduate/some postgrad,White,"Yes, a citizen of the United States",Married,Agnostic,Never,,,Liberal,2 people,Unemployed
338,"Northeast (PA, NY, NJ, RI, CT, MA, VT, NH, ME)",Female,30-49,Postgraduate,White,"Yes, a citizen of the United States",Married,Agnostic,Never,,,Very liberal,2 people,Part-time employment
339,"West (WA, OR, ID, MT, WY, CA, NV, UT, CO, AZ, NM)",Male,30-49,College graduate/some postgrad,White,,Never been married,Agnostic,Never,Democrat,,Liberal,4,Full-time employment
341,"South (TX, OK, AR, LA, KY, TN, MS, AL, WV, DC, MD, DE, VA, NC, SC, GA, FL)",Female,50-64,College graduate/some postgrad,White,"Yes, a citizen of the United States",,Protestant,Once a week,,,Moderate,2 people,Part-time employment
344,"South (TX, OK, AR, LA, KY, TN, MS, AL, WV, DC, MD, DE, VA, NC, SC, GA, FL)",Female,18-29,"Some college, no degree",White,,Never been married,Nothing in particular,A few times a year,,,Liberal,More than 4,Student
345,"Midwest (ND, SD, NE, KS, MN, IA, MO, WI, IL, MI, IN, OH)",Female,30-49,College graduate/some postgrad,Hispanic,,Married,Agnostic,Never,Democrat,,Very liberal,2 people,Unemployed
346,"South (TX, OK, AR, LA, KY, TN, MS, AL, WV, DC, MD, DE, VA, NC, SC, GA, FL)",Male,30-49,"Some college, no degree",Black,"Yes, a citizen of the United States",Never been married,Other,A few times a year,Democrat,"\$30,000-\$50,000",Liberal,3 people,Full-time employment
347,"Midwest (ND, SD, NE, KS, MN, IA, MO, WI, IL, MI, IN, OH)",Female,50-64,High school graduate,White,"Yes, a citizen of the United States",Married,Nothing in particular,Seldom,,,Conservative,2 people,Self-employed
348,"South (TX, OK, AR, LA, KY, TN, MS, AL, WV, DC, MD, DE, VA, NC, SC, GA, FL)",Male,30-49,High school graduate,White,"Yes, a citizen of the United States",Never been married,Protestant,Once or twice a month,Republican,,Conservative,3 people,Unemployed
350,"Midwest (ND, SD, NE, KS, MN, IA, MO, WI, IL, MI, IN, OH)",Female,50-64,Associate's degree,White,"Yes, a citizen of the United States",,Nothing in particular,Seldom,Democrat,"Less than $30,000",Very conservative,3 people,Retired
351,"South (TX, OK, AR, LA, KY, TN, MS, AL, WV, DC, MD, DE, VA, NC, SC, GA, FL)",Female,30-49,Postgraduate,Black,,Never been married,Protestant,Once a week,Democrat,,Moderate,2,Full-time employment
359,"Midwest (ND, SD, NE, KS, MN, IA, MO, WI, IL, MI, IN, OH)",Female,50-64,Postgraduate,White,"Yes, a citizen of the United States",,Protestant,Never,Democrat,,Liberal,2 people,Full-time employment
361,"West (WA, OR, ID, MT, WY, CA, NV, UT, CO, AZ, NM)",Female,30-49,Postgraduate,Asian,"Yes, a citizen of the United States",Never been married,Nothing in particular,A few times a year,,,Liberal,3 people,Unemployed
362,"South (TX, OK, AR, LA, KY, TN, MS, AL, WV, DC, MD, DE, VA, NC, SC, GA, FL)",Female,50-64,Postgraduate,White,"Yes, a citizen of the United States",,Agnostic,Never,,,Very liberal,1 person,Self-employed
363,"Northeast (PA, NY, NJ, RI, CT, MA, VT, NH, ME)",Male,50-64,Postgraduate,Black,"Yes, a citizen of the United States",Married,Agnostic,Never,,,Liberal,4 people,Full-time employment
364,"South (TX, OK, AR, LA, KY, TN, MS, AL, WV, DC, MD, DE, VA, NC, SC, GA, FL)",Female,18-29,High school graduate,White,"Yes, a citizen of the United States",,Other,Seldom,,,Very liberal,2 people,Full-time employment
365,"Midwest (ND, SD, NE, KS, MN, IA, MO, WI, IL, MI, IN, OH)",Male,30-49,High school graduate,White,"Yes, a citizen of the United States",Never been married,Atheist,Never,Independent,,Conservative,3 people,Unemployed
367,"Northeast (PA, NY, NJ, RI, CT, MA, VT, NH, ME)",Female,65+,Postgraduate,White,,Divorced,Atheist,Never,Independent,,Liberal,1,Full-time employment
370,"Midwest (ND, SD, NE, KS, MN, IA, MO, WI, IL, MI, IN, OH)",Female,18-29,Postgraduate,Other,,Married,Protestant,Once or twice a month,Democrat,,Very liberal,2 people,Full-time employment
372,"Midwest (ND, SD, NE, KS, MN, IA, MO, WI, IL, MI, IN, OH)",Female,50-64,College graduate/some postgrad,White,"Yes, a citizen of the United States",Married,Protestant,Never,,,Conservative,2 people,Full-time employment
375,"West (WA, OR, ID, MT, WY, CA, NV, UT, CO, AZ, NM)",Female,50-64,Associate's degree,White,Yes,Divorced,Other,Seldom,,,Very liberal,1,Self-employed
380,"Northeast (PA, NY, NJ, RI, CT, MA, VT, NH, ME)",Male,30-49,College graduate/some postgrad,White,,Married,Roman Catholic,A few times a year,,,Moderate,4,Full-time employment
381,"West (WA, OR, ID, MT, WY, CA, NV, UT, CO, AZ, NM)",Female,30-49,Associate's degree,White,,Married,Agnostic,Never,Republican,,Conservative,2,Full-time employment
382,"West (WA, OR, ID, MT, WY, CA, NV, UT, CO, AZ, NM)",Male,18-29,College graduate/some postgrad,Asian,,Never been married,Agnostic,Never,Democrat,,Very liberal,3,Unemployed
383,"Midwest (ND, SD, NE, KS, MN, IA, MO, WI, IL, MI, IN, OH)",Male,50-64,College graduate/some postgrad,White,,Married,Protestant,Never,Independent,,Moderate,2,Full-time employment
385,"South (TX, OK, AR, LA, KY, TN, MS, AL, WV, DC, MD, DE, VA, NC, SC, GA, FL)",Female,50-64,College graduate/some postgrad,White,"Yes, a citizen of the United States",,Atheist,Never,Democrat,,Liberal,1 person,Retired
389,"South (TX, OK, AR, LA, KY, TN, MS, AL, WV, DC, MD, DE, VA, NC, SC, GA, FL)",Male,18-29,College graduate/some postgrad,White,"Yes, a citizen of the United States",Never been married,Protestant,More than once a week,Republican,,Conservative,2 people,Full-time employment
390,"South (TX, OK, AR, LA, KY, TN, MS, AL, WV, DC, MD, DE, VA, NC, SC, GA, FL)",Male,30-49,Associate's degree,White,"Yes, a citizen of the United States",Never been married,Atheist,Never,Something else,,Very liberal,2,Unemployed
391,"West (WA, OR, ID, MT, WY, CA, NV, UT, CO, AZ, NM)",Female,50-64,College graduate/some postgrad,White,,Divorced,Agnostic,Never,,,Very liberal,2,Full-time employment
392,"South (TX, OK, AR, LA, KY, TN, MS, AL, WV, DC, MD, DE, VA, NC, SC, GA, FL)",Female,50-64,Associate's degree,White,"Yes, a citizen of the United States",,Protestant,Once a week,,,Conservative,1 person,Retired
393,"South (TX, OK, AR, LA, KY, TN, MS, AL, WV, DC, MD, DE, VA, NC, SC, GA, FL)",Male,30-49,High school graduate,White,"Yes, a citizen of the United States",,Agnostic,Never,,,Liberal,2 people,Self-employed
394,"South (TX, OK, AR, LA, KY, TN, MS, AL, WV, DC, MD, DE, VA, NC, SC, GA, FL)",Male,50-64,Associate's degree,White,"Yes, a citizen of the United States",Never been married,Agnostic,Never,,,Liberal,1 person,Unemployed
395,"West (WA, OR, ID, MT, WY, CA, NV, UT, CO, AZ, NM)",Male,30-49,High school graduate,White,"Yes, a citizen of the United States",Never been married,Agnostic,Never,,,Very liberal,2 people,Part-time employment
396,"Midwest (ND, SD, NE, KS, MN, IA, MO, WI, IL, MI, IN, OH)",Female,50-64,College graduate/some postgrad,White,,Married,Protestant,Seldom,Democrat,,Moderate,3,Full-time employment
397,"Northeast (PA, NY, NJ, RI, CT, MA, VT, NH, ME)",Male,50-64,Associate's degree,White,,Married,Agnostic,Never,Republican,,Conservative,4,Part-time employment
399,"South (TX, OK, AR, LA, KY, TN, MS, AL, WV, DC, MD, DE, VA, NC, SC, GA, FL)",Female,50-64,Postgraduate,Other,,Married,Protestant,Seldom,Independent,,Conservative,2,Home-maker
401,"Midwest (ND, SD, NE, KS, MN, IA, MO, WI, IL, MI, IN, OH)",Male,18-29,"Some college, no degree",White,,Never been married,Atheist,Never,Democrat,,Very liberal,3,Self-employed
403,"Midwest (ND, SD, NE, KS, MN, IA, MO, WI, IL, MI, IN, OH)",Male,65+,Postgraduate,White,,Married,Roman Catholic,Once or twice a month,Democrat,,Conservative,2,Full-time employment
405,"South (TX, OK, AR, LA, KY, TN, MS, AL, WV, DC, MD, DE, VA, NC, SC, GA, FL)",Male,65+,High school graduate,White,"Yes, a citizen of the United States",Never been married,Nothing in particular,Never,Republican,"Less than $30,000",Conservative,1 person,Self-employed
406,"South (TX, OK, AR, LA, KY, TN, MS, AL, WV, DC, MD, DE, VA, NC, SC, GA, FL)",Female,18-29,Associate's degree,White,"Yes, a citizen of the United States",,Roman Catholic,Seldom,,,Very liberal,4 people,Self-employed
407,"Midwest (ND, SD, NE, KS, MN, IA, MO, WI, IL, MI, IN, OH)",Male,30-49,"Some college, no degree",White,,Divorced,Agnostic,Never,,,Moderate,3,Unemployed
408,"Northeast (PA, NY, NJ, RI, CT, MA, VT, NH, ME)",Male,50-64,College graduate/some postgrad,White,,Married,Roman Catholic,Never,Republican,,Conservative,2,Full-time employment
411,"Northeast (PA, NY, NJ, RI, CT, MA, VT, NH, ME)",Female,30-49,"Some college, no degree",White,,Married,Roman Catholic,A few times a year,,,Liberal,4 people,Part-time employment
412,"South (TX, OK, AR, LA, KY, TN, MS, AL, WV, DC, MD, DE, VA, NC, SC, GA, FL)",Female,30-49,College graduate/some postgrad,White,,Married,Roman Catholic,Seldom,,,Liberal,2,Self-employed
414,"West (WA, OR, ID, MT, WY, CA, NV, UT, CO, AZ, NM)",Female,50-64,"Some college, no degree",White,"Yes, a citizen of the United States",Divorced,Roman Catholic,A few times a year,,,Conservative,4 people,Retired
415,"Northeast (PA, NY, NJ, RI, CT, MA, VT, NH, ME)",Female,50-64,College graduate/some postgrad,Black,,Never been married,Roman Catholic,Never,Democrat,,Liberal,2,Part-time employment
417,"South (TX, OK, AR, LA, KY, TN, MS, AL, WV, DC, MD, DE, VA, NC, SC, GA, FL)",Male,50-64,College graduate/some postgrad,White,,Never been married,Protestant,Seldom,Democrat,,Liberal,3,Self-employed
419,"West (WA, OR, ID, MT, WY, CA, NV, UT, CO, AZ, NM)",Female,30-49,College graduate/some postgrad,White,"Yes, a citizen of the United States",Married,Agnostic,Never,Democrat,,Very liberal,3,Home-maker
422,"West (WA, OR, ID, MT, WY, CA, NV, UT, CO, AZ, NM)",Female,18-29,College graduate/some postgrad,White,,Married,Mormon,Once a week,,,Very conservative,4,Home-maker
424,"South (TX, OK, AR, LA, KY, TN, MS, AL, WV, DC, MD, DE, VA, NC, SC, GA, FL)",Female,18-29,College graduate/some postgrad,Other,,,Nothing in particular,Never,Democrat,,Liberal,3,Full-time employment
425,"Northeast (PA, NY, NJ, RI, CT, MA, VT, NH, ME)",Female,50-64,College graduate/some postgrad,White,,Married,Roman Catholic,Once a week,Republican,,Conservative,2,Full-time employment
426,"Northeast (PA, NY, NJ, RI, CT, MA, VT, NH, ME)",Male,65+,Postgraduate,White,,Divorced,Buddhist,A few times a year,Something else,,Moderate,1,Full-time employment
428,"South (TX, OK, AR, LA, KY, TN, MS, AL, WV, DC, MD, DE, VA, NC, SC, GA, FL)",Female,18-29,High school graduate,White,"Yes, a citizen of the United States",Never been married,Other,Once a week,,,Moderate,3 people,Unemployed
429,"Northeast (PA, NY, NJ, RI, CT, MA, VT, NH, ME)",Male,30-49,Associate's degree,Black,"Yes, a citizen of the United States",Married,Roman Catholic,Never,Republican,,Very liberal,3 people,Full-time employment
430,"South (TX, OK, AR, LA, KY, TN, MS, AL, WV, DC, MD, DE, VA, NC, SC, GA, FL)",Female,65+,"Some college, no degree",White,,,Other,Never,Democrat,,Very liberal,1,Retired
431,"Midwest (ND, SD, NE, KS, MN, IA, MO, WI, IL, MI, IN, OH)",Female,30-49,High school graduate,White,"Yes, a citizen of the United States",Never been married,Atheist,Never,,,Liberal,1 person,Full-time employment
432,"West (WA, OR, ID, MT, WY, CA, NV, UT, CO, AZ, NM)",Female,50-64,College graduate/some postgrad,White,,,Atheist,Never,,,Very liberal,2,Full-time employment
434,"West (WA, OR, ID, MT, WY, CA, NV, UT, CO, AZ, NM)",Female,65+,Postgraduate,White,"Yes, a citizen of the United States",Married,Nothing in particular,Seldom,,,Moderate,3 people,Retired
435,"South (TX, OK, AR, LA, KY, TN, MS, AL, WV, DC, MD, DE, VA, NC, SC, GA, FL)",Male,50-64,College graduate/some postgrad,Other,,Separated,Other,Once or twice a month,Independent,,Moderate,More than 4,Self-employed
440,"South (TX, OK, AR, LA, KY, TN, MS, AL, WV, DC, MD, DE, VA, NC, SC, GA, FL)",Female,50-64,"Some college, no degree",Black,"Yes, a citizen of the United States",,Protestant,A few times a year,,,Moderate,4 people,Part-time employment
441,"Northeast (PA, NY, NJ, RI, CT, MA, VT, NH, ME)",Male,65+,"Some college, no degree",Black,"Yes, a citizen of the United States",Never been married,Other,Once or twice a month,,,Moderate,1 person,Part-time employment
443,"South (TX, OK, AR, LA, KY, TN, MS, AL, WV, DC, MD, DE, VA, NC, SC, GA, FL)",Male,50-64,"Some college, no degree",White,,Married,Protestant,Once a week,Independent,,Moderate,3,Full-time employment
444,"Midwest (ND, SD, NE, KS, MN, IA, MO, WI, IL, MI, IN, OH)",Female,18-29,"Some college, no degree",White,"Yes, a citizen of the United States",Never been married,Nothing in particular,Once or twice a month,,,Liberal,More than 4,Student
447,"South (TX, OK, AR, LA, KY, TN, MS, AL, WV, DC, MD, DE, VA, NC, SC, GA, FL)",Female,30-49,College graduate/some postgrad,Black,"Yes, a citizen of the United States",Never been married,Protestant,Seldom,Democrat,"\$30,000-\$50,000",Liberal,1 person,Full-time employment
448,"Midwest (ND, SD, NE, KS, MN, IA, MO, WI, IL, MI, IN, OH)",Male,18-29,High school graduate,Other,,Never been married,Protestant,More than once a week,,,Conservative,4,Part-time employment
449,"South (TX, OK, AR, LA, KY, TN, MS, AL, WV, DC, MD, DE, VA, NC, SC, GA, FL)",Male,30-49,College graduate/some postgrad,White,"Yes, a citizen of the United States",Married,Protestant,Once a week,Democrat,,Liberal,3 people,Full-time employment
450,"Midwest (ND, SD, NE, KS, MN, IA, MO, WI, IL, MI, IN, OH)",Male,18-29,"Some college, no degree",White,,Never been married,Agnostic,Never,Independent,,Moderate,4,Unemployed
454,"Midwest (ND, SD, NE, KS, MN, IA, MO, WI, IL, MI, IN, OH)",Male,50-64,Postgraduate,White,,Widowed,Roman Catholic,Once a week,Republican,,Conservative,4,Part-time employment
455,"Midwest (ND, SD, NE, KS, MN, IA, MO, WI, IL, MI, IN, OH)",Male,18-29,High school graduate,White,"Yes, a citizen of the United States",Never been married,Agnostic,Seldom,,,Moderate,2 people,Unemployed
456,"Midwest (ND, SD, NE, KS, MN, IA, MO, WI, IL, MI, IN, OH)",Female,65+,Associate's degree,White,"Yes, a citizen of the United States",,Protestant,Never,,,Very liberal,1 person,Retired
459,"West (WA, OR, ID, MT, WY, CA, NV, UT, CO, AZ, NM)",Female,50-64,Postgraduate,Asian,"Yes, a citizen of the United States",Married,Protestant,Once a week,,,Conservative,4 people,Unemployed
460,"Northeast (PA, NY, NJ, RI, CT, MA, VT, NH, ME)",Male,18-29,High school graduate,Black,"Yes, a citizen of the United States",Never been married,Protestant,Seldom,,,Moderate,3 people,Full-time employment
462,"South (TX, OK, AR, LA, KY, TN, MS, AL, WV, DC, MD, DE, VA, NC, SC, GA, FL)",Female,30-49,"Some college, no degree",White,,Married,Roman Catholic,Never,Democrat,,Liberal,2,Full-time employment
463,"South (TX, OK, AR, LA, KY, TN, MS, AL, WV, DC, MD, DE, VA, NC, SC, GA, FL)",Female,30-49,College graduate/some postgrad,White,"Yes, a citizen of the United States",Married,Atheist,Never,,,Liberal,3 people,Full-time employment
465,"South (TX, OK, AR, LA, KY, TN, MS, AL, WV, DC, MD, DE, VA, NC, SC, GA, FL)",Male,30-49,"Some college, no degree",White,,Never been married,Roman Catholic,A few times a year,,,Liberal,2,Full-time employment
466,"Pacific (HI, AK)",Female,30-49,Associate's degree,White,"Yes, a citizen of the United States",Married,Protestant,More than once a week,,,Moderate,2 people,Home-maker
467,"West (WA, OR, ID, MT, WY, CA, NV, UT, CO, AZ, NM)",Male,50-64,College graduate/some postgrad,White,"Yes, a citizen of the United States",,Protestant,A few times a year,,,Moderate,2 people,Self-employed
468,"South (TX, OK, AR, LA, KY, TN, MS, AL, WV, DC, MD, DE, VA, NC, SC, GA, FL)",Female,65+,"Some college, no degree",Other,,Divorced,Other,Never,,,Liberal,2,Retired
470,"Midwest (ND, SD, NE, KS, MN, IA, MO, WI, IL, MI, IN, OH)",Female,30-49,Associate's degree,White,"Yes, a citizen of the United States",Married,Agnostic,Never,,,Liberal,4 people,Full-time employment
471,"West (WA, OR, ID, MT, WY, CA, NV, UT, CO, AZ, NM)",Female,50-64,College graduate/some postgrad,White,Yes,Never been married,Agnostic,Never,Democrat,"\$100,000 or more",Liberal,2,Self-employed
472,"South (TX, OK, AR, LA, KY, TN, MS, AL, WV, DC, MD, DE, VA, NC, SC, GA, FL)",Male,30-49,"Some college, no degree",White,,Never been married,Protestant,Never,,,Moderate,3 people,Unemployed
473,"South (TX, OK, AR, LA, KY, TN, MS, AL, WV, DC, MD, DE, VA, NC, SC, GA, FL)",Female,65+,High school graduate,White,"Yes, a citizen of the United States",Divorced,Nothing in particular,Never,,,Moderate,1 person,Part-time employment
475,"South (TX, OK, AR, LA, KY, TN, MS, AL, WV, DC, MD, DE, VA, NC, SC, GA, FL)",Female,18-29,"Some college, no degree",White,"Yes, a citizen of the United States",,Nothing in particular,Never,Republican,,Conservative,2 people,Unemployed
476,"South (TX, OK, AR, LA, KY, TN, MS, AL, WV, DC, MD, DE, VA, NC, SC, GA, FL)",Male,50-64,"Some college, no degree",White,,Married,Protestant,Once a week,,,Moderate,2 people,Unemployed
477,"South (TX, OK, AR, LA, KY, TN, MS, AL, WV, DC, MD, DE, VA, NC, SC, GA, FL)",Female,30-49,College graduate/some postgrad,White,"Yes, a citizen of the United States",Married,Protestant,Once a week,,,Very conservative,2 people,Full-time employment
481,"Northeast (PA, NY, NJ, RI, CT, MA, VT, NH, ME)",Female,30-49,"Some college, no degree",Asian,,Divorced,Other,More than once a week,,,Moderate,More than 4,Full-time employment
483,"South (TX, OK, AR, LA, KY, TN, MS, AL, WV, DC, MD, DE, VA, NC, SC, GA, FL)",Male,18-29,High school graduate,White,"Yes, a citizen of the United States",Never been married,Agnostic,Never,Independent,,Moderate,More than 4,Unemployed
484,"South (TX, OK, AR, LA, KY, TN, MS, AL, WV, DC, MD, DE, VA, NC, SC, GA, FL)",Female,50-64,College graduate/some postgrad,White,"Yes, a citizen of the United States",,Protestant,A few times a year,Democrat,"\$75,000-\$100,000",Liberal,2,Retired
485,"South (TX, OK, AR, LA, KY, TN, MS, AL, WV, DC, MD, DE, VA, NC, SC, GA, FL)",Male,30-49,"Some college, no degree",White,"Yes, a citizen of the United States",Never been married,Nothing in particular,Seldom,Democrat,,Very liberal,3 people,Unemployed
486,"West (WA, OR, ID, MT, WY, CA, NV, UT, CO, AZ, NM)",Male,30-49,College graduate/some postgrad,Hispanic,"Yes, a citizen of the United States",,Atheist,Never,Democrat,,Very liberal,2 people,Full-time employment
487,"Northeast (PA, NY, NJ, RI, CT, MA, VT, NH, ME)",Male,65+,College graduate/some postgrad,Black,,Divorced,Other,Once a week,Democrat,,Very liberal,2,Full-time employment
488,"Northeast (PA, NY, NJ, RI, CT, MA, VT, NH, ME)",Female,50-64,Associate's degree,White,"Yes, a citizen of the United States",Married,Nothing in particular,A few times a year,,,Moderate,2 people,Retired
489,"Midwest (ND, SD, NE, KS, MN, IA, MO, WI, IL, MI, IN, OH)",Male,18-29,College graduate/some postgrad,Other,,Never been married,Orthodox,Never,Democrat,,Liberal,4,Part-time employment
492,"South (TX, OK, AR, LA, KY, TN, MS, AL, WV, DC, MD, DE, VA, NC, SC, GA, FL)",Male,30-49,College graduate/some postgrad,Asian,"Yes, a citizen of the United States",Married,Muslim,Once a week,,,Moderate,4 people,Full-time employment
493,"West (WA, OR, ID, MT, WY, CA, NV, UT, CO, AZ, NM)",Female,18-29,"Some college, no degree",White,"Yes, a citizen of the United States",Never been married,Roman Catholic,Once or twice a month,,,Moderate,2 people,Student
494,"Midwest (ND, SD, NE, KS, MN, IA, MO, WI, IL, MI, IN, OH)",Female,30-49,College graduate/some postgrad,White,"Yes, a citizen of the United States",Never been married,Agnostic,Seldom,Democrat,,Liberal,1 person,Full-time employment
495,"West (WA, OR, ID, MT, WY, CA, NV, UT, CO, AZ, NM)",Female,18-29,College graduate/some postgrad,Black,"Yes, a citizen of the United States",,Nothing in particular,A few times a year,,,Very liberal,2 people,Part-time employment
496,"Midwest (ND, SD, NE, KS, MN, IA, MO, WI, IL, MI, IN, OH)",Male,18-29,College graduate/some postgrad,White,"Yes, a citizen of the United States",,Atheist,Never,,,Liberal,3 people,Student
497,"Midwest (ND, SD, NE, KS, MN, IA, MO, WI, IL, MI, IN, OH)",Female,18-29,Associate's degree,Hispanic,,Never been married,Atheist,Never,Democrat,,Very liberal,More than 4,Student
498,"Northeast (PA, NY, NJ, RI, CT, MA, VT, NH, ME)",Female,50-64,College graduate/some postgrad,White,,,Protestant,A few times a year,Republican,,Conservative,2,Full-time employment
499,"Northeast (PA, NY, NJ, RI, CT, MA, VT, NH, ME)",Male,30-49,"Some college, no degree",White,No,Never been married,Atheist,Never,Independent,"\$30,000-\$50,000",Liberal,4,Unemployed
501,"West (WA, OR, ID, MT, WY, CA, NV, UT, CO, AZ, NM)",Male,30-49,"Some college, no degree",White,,Married,Nothing in particular,Never,Democrat,,Liberal,3,Full-time employment
502,"South (TX, OK, AR, LA, KY, TN, MS, AL, WV, DC, MD, DE, VA, NC, SC, GA, FL)",Female,50-64,Associate's degree,White,"Yes, a citizen of the United States",,Protestant,Once a week,Republican,"\$30,000-\$50,000",Conservative,2 people,Part-time employment
509,"South (TX, OK, AR, LA, KY, TN, MS, AL, WV, DC, MD, DE, VA, NC, SC, GA, FL)",Female,18-29,Associate's degree,Hispanic,"Yes, a citizen of the United States",Never been married,Roman Catholic,Once a week,,,Moderate,4 people,Part-time employment
510,"South (TX, OK, AR, LA, KY, TN, MS, AL, WV, DC, MD, DE, VA, NC, SC, GA, FL)",Male,18-29,College graduate/some postgrad,White,,Never been married,Roman Catholic,Once or twice a month,Republican,,Conservative,4,Full-time employment
511,"West (WA, OR, ID, MT, WY, CA, NV, UT, CO, AZ, NM)",Female,30-49,College graduate/some postgrad,White,"Yes, a citizen of the United States",,Agnostic,Seldom,Democrat,"Less than $30,000",Liberal,2 people,Full-time employment
513,"Midwest (ND, SD, NE, KS, MN, IA, MO, WI, IL, MI, IN, OH)",Male,30-49,"Some college, no degree",Black,"Yes, a citizen of the United States",Never been married,Agnostic,Never,,,Very liberal,2 people,Full-time employment
516,"Northeast (PA, NY, NJ, RI, CT, MA, VT, NH, ME)",Male,50-64,College graduate/some postgrad,White,,Divorced,Protestant,Seldom,Independent,,Very conservative,4,Retired
518,"West (WA, OR, ID, MT, WY, CA, NV, UT, CO, AZ, NM)",Male,30-49,"Some college, no degree",Hispanic,"Yes, a citizen of the United States",Married,Roman Catholic,A few times a year,Independent,,Moderate,More than 4,Full-time employment
522,"South (TX, OK, AR, LA, KY, TN, MS, AL, WV, DC, MD, DE, VA, NC, SC, GA, FL)",Male,30-49,High school graduate,White,"Yes, a citizen of the United States",Married,Atheist,Seldom,Democrat,,Very liberal,2 people,Home-maker
523,"Northeast (PA, NY, NJ, RI, CT, MA, VT, NH, ME)",Male,30-49,High school graduate,White,,Never been married,Roman Catholic,Seldom,Democrat,,Very liberal,2 people,Self-employed
524,"South (TX, OK, AR, LA, KY, TN, MS, AL, WV, DC, MD, DE, VA, NC, SC, GA, FL)",Female,30-49,Associate's degree,Black,"Yes, a citizen of the United States",Never been married,Nothing in particular,Never,,,Moderate,More than 4 people,Part-time employment
525,"Midwest (ND, SD, NE, KS, MN, IA, MO, WI, IL, MI, IN, OH)",Female,30-49,High school graduate,White,"Yes, a citizen of the United States",Married,Atheist,Never,,,Liberal,More than 4 people,Home-maker
526,"South (TX, OK, AR, LA, KY, TN, MS, AL, WV, DC, MD, DE, VA, NC, SC, GA, FL)",Female,18-29,Associate's degree,Black,"Yes, a citizen of the United States",Never been married,Agnostic,Never,,,Very liberal,3 people,Student
528,"South (TX, OK, AR, LA, KY, TN, MS, AL, WV, DC, MD, DE, VA, NC, SC, GA, FL)",Male,18-29,"Some college, no degree",Hispanic,"Yes, a citizen of the United States",Never been married,Agnostic,Never,,,Moderate,2 people,Student
530,"South (TX, OK, AR, LA, KY, TN, MS, AL, WV, DC, MD, DE, VA, NC, SC, GA, FL)",Female,30-49,"Some college, no degree",Black,,Married,Nothing in particular,A few times a year,Something else,,Moderate,More than 4,Self-employed
531,"West (WA, OR, ID, MT, WY, CA, NV, UT, CO, AZ, NM)",Male,18-29,College graduate/some postgrad,Hispanic,,Married,Roman Catholic,Once a week,Republican,,Conservative,4,Full-time employment
535,"West (WA, OR, ID, MT, WY, CA, NV, UT, CO, AZ, NM)",Female,50-64,"Some college, no degree",White,"Yes, a citizen of the United States",Married,Other,Never,,,Moderate,3,Self-employed
536,"West (WA, OR, ID, MT, WY, CA, NV, UT, CO, AZ, NM)",Male,50-64,Associate's degree,White,"Yes, a citizen of the United States",Married,Atheist,Never,,,Conservative,More than 4,Full-time employment
537,"South (TX, OK, AR, LA, KY, TN, MS, AL, WV, DC, MD, DE, VA, NC, SC, GA, FL)",Female,30-49,High school graduate,White,,,Nothing in particular,Never,Republican,,Moderate,4,Home-maker
539,"Northeast (PA, NY, NJ, RI, CT, MA, VT, NH, ME)",Female,18-29,College graduate/some postgrad,White,"Yes, a citizen of the United States",Never been married,Jewish,A few times a year,Republican,"\$30,000-\$50,000",Conservative,More than 4,Part-time employment
540,"West (WA, OR, ID, MT, WY, CA, NV, UT, CO, AZ, NM)",Male,50-64,College graduate/some postgrad,Asian,"Yes, a citizen of the United States",Never been married,Atheist,Seldom,,,Liberal,1 person,Retired
541,"Midwest (ND, SD, NE, KS, MN, IA, MO, WI, IL, MI, IN, OH)",Male,30-49,"Some college, no degree",White,"Yes, a citizen of the United States",,Roman Catholic,Seldom,,,Conservative,3 people,Full-time employment
542,"West (WA, OR, ID, MT, WY, CA, NV, UT, CO, AZ, NM)",Male,50-64,College graduate/some postgrad,,,Married,Protestant,Once a week,Republican,,Conservative,4,Self-employed
543,"Northeast (PA, NY, NJ, RI, CT, MA, VT, NH, ME)",Female,50-64,"Some college, no degree",Black,"Yes, a citizen of the United States",Divorced,Roman Catholic,Seldom,Democrat,"\$30,000-\$50,000",Very liberal,1 person,Part-time employment
544,"South (TX, OK, AR, LA, KY, TN, MS, AL, WV, DC, MD, DE, VA, NC, SC, GA, FL)",Male,18-29,College graduate/some postgrad,White,,Never been married,Nothing in particular,Never,,,Moderate,2,Full-time employment
545,"West (WA, OR, ID, MT, WY, CA, NV, UT, CO, AZ, NM)",Female,30-49,Less than high school,White,"Yes, a citizen of the United States",Never been married,Nothing in particular,Never,,,Very liberal,4 people,Self-employed
546,"Lives in the South region of the United States (TX, OK, AR, LA, KY, TN, MS, AL, WV, DC, MD, DE, VA, NC, SC, GA, FL).",Female.,30-49 years old.,College graduate/some postgraduate studies.,Black.,"Yes, a citizen of the United States.",Married.,Protestant.,Seldom attends religious services (aside from weddings and funerals).,Identifies as a Democrat.,"Total family income last year was $75,000-$100,000.",Very liberal.,3 people.,Home-maker.
547,"West (WA, OR, ID, MT, WY, CA, NV, UT, CO, AZ, NM)",Female,50-64,"Some college, no degree",White,"Yes, a citizen of the United States",Never been married,Agnostic,Never,,,Moderate,1 person,Unemployed
548,"Midwest (ND, SD, NE, KS, MN, IA, MO, WI, IL, MI, IN, OH)",Male,50-64,Associate's degree,White,"Yes, a citizen of the United States",Married,Protestant,Seldom,,,Conservative,2 people,Retired
549,"South (TX, OK, AR, LA, KY, TN, MS, AL, WV, DC, MD, DE, VA, NC, SC, GA, FL)",Male,18-29,College graduate/some postgrad,White,,Never been married,Protestant,Once a week,Independent,,Conservative,2,Full-time employment
552,"West (WA, OR, ID, MT, WY, CA, NV, UT, CO, AZ, NM)",Male,50-64,Associate's degree,Black,"Yes, a citizen of the United States",Married,Atheist,Never,,,Liberal,2 people,Full-time employment
553,"Midwest (ND, SD, NE, KS, MN, IA, MO, WI, IL, MI, IN, OH)",Male,30-49,Associate's degree,White,"Yes, a citizen of the United States",Never been married,Atheist,Never,Democrat,"\$50,000-\$75,000",Liberal,1 person,Full-time employment
554,"Midwest (ND, SD, NE, KS, MN, IA, MO, WI, IL, MI, IN, OH)",Female,30-49,College graduate/some postgrad,White,"Yes, a citizen of the United States",Never been married,Atheist,Never,Democrat,"\$100,000 or more",Liberal,3 people,Unemployed
558,"South (TX, OK, AR, LA, KY, TN, MS, AL, WV, DC, MD, DE, VA, NC, SC, GA, FL)",Male,50-64,College graduate/some postgrad,White,,,Agnostic,Seldom,Independent,,Moderate,4,Full-time employment
559,"South (TX, OK, AR, LA, KY, TN, MS, AL, WV, DC, MD, DE, VA, NC, SC, GA, FL)",Male,50-64,Associate's degree,White,"Yes, a citizen of the United States",Never been married,Atheist,Never,,,Very liberal,1 person,Retired
560,"Midwest (ND, SD, NE, KS, MN, IA, MO, WI, IL, MI, IN, OH)",Female,18-29,"Some college, no degree",White,"Yes, a citizen of the United States",Never been married,Roman Catholic,Once a week,Democrat,,Very liberal,3 people,Self-employed
561,"West (WA, OR, ID, MT, WY, CA, NV, UT, CO, AZ, NM)",Male,30-49,"Some college, no degree",White,"Yes, a citizen of the United States",,Protestant,A few times a year,Republican,"\$30,000-\$50,000",Very conservative,2 people,Full-time employment
563,"South (TX, OK, AR, LA, KY, TN, MS, AL, WV, DC, MD, DE, VA, NC, SC, GA, FL)",Male,30-49,"Some college, no degree",Other,,Never been married,Protestant,Seldom,Independent,,Moderate,1,Self-employed
564,"West (WA, OR, ID, MT, WY, CA, NV, UT, CO, AZ, NM)",Female,30-49,Associate's degree,White,"Yes, a citizen of the United States",,Atheist,Never,,,Very liberal,2 people,Unemployed
571,"West (WA, OR, ID, MT, WY, CA, NV, UT, CO, AZ, NM)",Female,30-49,College graduate/some postgrad,Asian,"Yes, a citizen of the United States",Never been married,Agnostic,Never,,,Very liberal,1 person,Full-time employment
573,"South (TX, OK, AR, LA, KY, TN, MS, AL, WV, DC, MD, DE, VA, NC, SC, GA, FL)",Male,30-49,"Some college, no degree",White,,Never been married,Protestant,A few times a year,Democrat,,Liberal,More than 4,Full-time employment
574,"Northeast (PA, NY, NJ, RI, CT, MA, VT, NH, ME)",Male,18-29,College graduate/some postgrad,White,,Never been married,Roman Catholic,Never,Republican,,Very conservative,More than 4,Student
575,"South (TX, OK, AR, LA, KY, TN, MS, AL, WV, DC, MD, DE, VA, NC, SC, GA, FL)",Male,30-49,"Some college, no degree",Other,,Never been married,Agnostic,Never,Democrat,,Very liberal,2 people,Self-employed
576,"South (TX, OK, AR, LA, KY, TN, MS, AL, WV, DC, MD, DE, VA, NC, SC, GA, FL)",Male,18-29,High school graduate,Hispanic,"Yes, a citizen of the United States",Never been married,Roman Catholic,A few times a year,Republican,"$50,000-$75,000",Conservative,4 people,Full-time employment
577,"Lives in the South (TX, OK, AR, LA, KY, TN, MS, AL, WV, DC, MD, DE, VA, NC, SC, GA, FL).",Male.,50-64 years old.,Associate's degree.,White.,,Never been married.,Other.,Once a week.,,,Moderate.,1 person.,Full-time employment.
578,"West (WA, OR, ID, MT, WY, CA, NV, UT, CO, AZ, NM)",Male,30-49,College graduate/some postgrad,Asian,"Yes, a citizen of the United States",,Atheist,Never,Democrat,,Very liberal,2 people,Full-time employment
579,"Northeast (PA, NY, NJ, RI, CT, MA, VT, NH, ME)",Male,30-49,Associate's degree,Hispanic,"Yes, a citizen of the United States",Never been married,Roman Catholic,Seldom,,,Liberal,4 people,Unemployed
580,"Midwest (ND, SD, NE, KS, MN, IA, MO, WI, IL, MI, IN, OH)",Female,18-29,College graduate/some postgrad,White,"Yes, a citizen of the United States",Never been married,Protestant,Once a week,,,Conservative,4 people,Unemployed
581,"West (WA, OR, ID, MT, WY, CA, NV, UT, CO, AZ, NM)",Female,65+,"Some college, no degree",White,"Yes, a citizen of the United States",,Nothing in particular,Seldom,Democrat,"Less than $30,000",Liberal,1 person,Retired
583,"South (TX, OK, AR, LA, KY, TN, MS, AL, WV, DC, MD, DE, VA, NC, SC, GA, FL)",Male,18-29,College graduate/some postgrad,Hispanic,"Yes, a citizen of the United States",Never been married,Nothing in particular,A few times a year,,,Moderate,3 people,Full-time employment
588,"Northeast (PA, NY, NJ, RI, CT, MA, VT, NH, ME)",Male,65+,Postgraduate,White,,Married,Roman Catholic,A few times a year,Republican,,Conservative,2 people,Part-time employment
589,"Midwest (ND, SD, NE, KS, MN, IA, MO, WI, IL, MI, IN, OH)",Female,50-64,College graduate/some postgrad,White,,Married,Atheist,Never,Democrat,,Very liberal,4,Full-time employment
590,"South (TX, OK, AR, LA, KY, TN, MS, AL, WV, DC, MD, DE, VA, NC, SC, GA, FL)",Female,50-64,"Some college, no degree",White,,Never been married,Agnostic,Never,,,Moderate,4,Unemployed
592,"South (TX, OK, AR, LA, KY, TN, MS, AL, WV, DC, MD, DE, VA, NC, SC, GA, FL)",Male,30-49,"Some college, no degree",Black,,Divorced,Other,Once a week,Democrat,,Moderate,3,Full-time employment
593,"Midwest (ND, SD, NE, KS, MN, IA, MO, WI, IL, MI, IN, OH)",Female,30-49,"Some college, no degree",White,,Married,Nothing in particular,A few times a year,,,Conservative,More than 4,Part-time employment
595,"West (WA, OR, ID, MT, WY, CA, NV, UT, CO, AZ, NM)",Female,65+,College graduate/some postgrad,White,,Divorced,Hindu,Seldom,Democrat,,Liberal,1,Retired
597,"South (TX, OK, AR, LA, KY, TN, MS, AL, WV, DC, MD, DE, VA, NC, SC, GA, FL)",Female,18-29,High school graduate,White,"Yes, a citizen of the United States",Never been married,Protestant,A few times a year,,,Very liberal,1 person,Full-time employment
598,"South (TX, OK, AR, LA, KY, TN, MS, AL, WV, DC, MD, DE, VA, NC, SC, GA, FL)",Male,50-64,College graduate/some postgrad,White,,,Protestant,A few times a year,Democrat,,Liberal,2 people,Full-time employment
600,"Lives in the South region of the United States (TX, OK, AR, LA, KY, TN, MS, AL, WV, DC, MD, DE, VA, NC, SC, GA, FL).",Female.,18-29 years old.,High school graduate.,White.,"Yes, a citizen of the United States.",Never been married.,Other.,A few times a year.,Republican.,"Less than $30,000 per year.",Very conservative.,2 people.,Unemployed.
602,"South (TX, OK, AR, LA, KY, TN, MS, AL, WV, DC, MD, DE, VA, NC, SC, GA, FL)",Female,30-49,"Some college, no degree",White,,Married,Roman Catholic,Seldom,Democrat,,Moderate,More than 4,Part-time employment
603,"West (WA, OR, ID, MT, WY, CA, NV, UT, CO, AZ, NM)",Female,30-49,College graduate/some postgrad,Hispanic,"Yes, a citizen of the United States",,Other,Never,Democrat,"\$50,000-\$75,000",Moderate,2 people,Unemployed
604,"Midwest (ND, SD, NE, KS, MN, IA, MO, WI, IL, MI, IN, OH)",Male,30-49,"Some college, no degree",White,,Married,Agnostic,Never,Republican,,Moderate,4 people,Full-time employment
608,"Midwest (ND, SD, NE, KS, MN, IA, MO, WI, IL, MI, IN, OH)",Female,30-49,"Some college, no degree",White,"Yes, a citizen of the United States",,Protestant,Seldom,Democrat,,Liberal,4 people,Full-time employment
609,"South (TX, OK, AR, LA, KY, TN, MS, AL, WV, DC, MD, DE, VA, NC, SC, GA, FL)",Male,50-64,"Some college, no degree",White,"Yes, a citizen of the United States",Married,Protestant,Never,,,Conservative,2,Part-time employment
610,"Northeast (PA, NY, NJ, RI, CT, MA, VT, NH, ME)",Female,30-49,College graduate/some postgrad,White,"Yes, a citizen of the United States",Never been married,Agnostic,Seldom,Democrat,,Very liberal,1 person,Self-employed
613,"Northeast (PA, NY, NJ, RI, CT, MA, VT, NH, ME)",Female,65+,High school graduate,White,,Widowed,Protestant,Once a week,,,Very conservative,1 person,Full-time employment
615,"West (WA, OR, ID, MT, WY, CA, NV, UT, CO, AZ, NM)",Female,18-29,Associate's degree,Asian,"Yes, a citizen of the United States",Never been married,Other,Never,,,Moderate,3 people,Part-time employment
616,"South (TX, OK, AR, LA, KY, TN, MS, AL, WV, DC, MD, DE, VA, NC, SC, GA, FL)",Female,30-49,College graduate/some postgrad,Black,"Yes, a citizen of the United States",Never been married,Protestant,Once or twice a month,Democrat,,Very liberal,1 person,Self-employed
617,"South (TX, OK, AR, LA, KY, TN, MS, AL, WV, DC, MD, DE, VA, NC, SC, GA, FL)",Male,50-64,College graduate/some postgrad,Black,,Married,Agnostic,Never,,,Very liberal,2,Full-time employment
618,"Midwest (ND, SD, NE, KS, MN, IA, MO, WI, IL, MI, IN, OH)",Male,50-64,College graduate/some postgrad,White,"Yes, a citizen of the United States",Married,Protestant,Once or twice a month,Republican,"$100,000 or more",Conservative,4 people,Full-time employment
619,"Northeast (PA, NY, NJ, RI, CT, MA, VT, NH, ME)",Male,50-64,College graduate/some postgrad,White,"Yes, a citizen of the United States",Married,Jewish,Seldom,Republican,,Conservative,4 people,Full-time employment
620,"Midwest (ND, SD, NE, KS, MN, IA, MO, WI, IL, MI, IN, OH)",Female,18-29,High school graduate,Black,"Yes, a citizen of the United States",Never been married,Protestant,Seldom,Republican,,Conservative,3 people,Part-time employment
622,"Pacific (HI, AK)",Female,30-49,Associate's degree,Asian,"Yes, a citizen of the United States",Never been married,Nothing in particular,Never,Democrat,,Liberal,1 person,Full-time employment
625,"South (TX, OK, AR, LA, KY, TN, MS, AL, WV, DC, MD, DE, VA, NC, SC, GA, FL)",Female,50-64,"Some college, no degree",Black,"Yes, a citizen of the United States",,Other,Once a week,Democrat,,Liberal,More than 4,Full-time employment
626,"Midwest (ND, SD, NE, KS, MN, IA, MO, WI, IL, MI, IN, OH)",Female,65+,College graduate/some postgrad,White,"Yes, a citizen of the United States",Never been married,Protestant,Seldom,Democrat,"Less than $30,000",Liberal,1 person,Self-employed
628,"South (TX, OK, AR, LA, KY, TN, MS, AL, WV, DC, MD, DE, VA, NC, SC, GA, FL)",Male,30-49,College graduate/some postgrad,White,"Yes, a citizen of the United States",Married,Protestant,Never,Democrat,,Liberal,2 people,Full-time employment
629,"South (TX, OK, AR, LA, KY, TN, MS, AL, WV, DC, MD, DE, VA, NC, SC, GA, FL)",Female,30-49,High school graduate,Black,"Yes, a citizen of the United States",Never been married,Other,Seldom,Democrat,,Liberal,More than 4,Part-time employment
630,"South (TX, OK, AR, LA, KY, TN, MS, AL, WV, DC, MD, DE, VA, NC, SC, GA, FL)",Male,30-49,High school graduate,White,"Yes, a citizen of the United States",,Nothing in particular,Never,Republican,,Moderate,4 people,Full-time employment
631,"South (TX, OK, AR, LA, KY, TN, MS, AL, WV, DC, MD, DE, VA, NC, SC, GA, FL)",Male,18-29,"Some college, no degree",White,,,Atheist,Never,Democrat,,Very liberal,2 people,Part-time employment
633,"Northeast (PA, NY, NJ, RI, CT, MA, VT, NH, ME)",Male,30-49,College graduate/some postgrad,White,,Never been married,Atheist,Never,Independent,,Conservative,3,Unemployed
634,"South (TX, OK, AR, LA, KY, TN, MS, AL, WV, DC, MD, DE, VA, NC, SC, GA, FL)",Female,30-49,College graduate/some postgrad,White,Yes,Married,Jewish,A few times a year,Democrat,"\$100,000 or more",Very liberal,2,Full-time employment
636,"Lives in the South (TX, OK, AR, LA, KY, TN, MS, AL, WV, DC, MD, DE, VA, NC, SC, GA, FL)",Male,18-29,College graduate/some postgrad,White,"Yes, a citizen of the United States",Never been married,Protestant,Once a week,,,Moderate,3 people,Part-time employment
637,"South (TX, OK, AR, LA, KY, TN, MS, AL, WV, DC, MD, DE, VA, NC, SC, GA, FL)",Male,18-29,"Some college, no degree",Asian,,Never been married,Nothing in particular,Never,,,Moderate,More than 4,Student
640,"South (TX, OK, AR, LA, KY, TN, MS, AL, WV, DC, MD, DE, VA, NC, SC, GA, FL)",Female,50-64,College graduate/some postgrad,White,,Divorced,Atheist,Never,,,Moderate,2,Full-time employment
641,"South (TX, OK, AR, LA, KY, TN, MS, AL, WV, DC, MD, DE, VA, NC, SC, GA, FL)",Female,65+,"Some college, no degree",White,"Yes, a citizen of the United States",,Protestant,Seldom,,,Conservative,More than 4,Retired
644,"Midwest (ND, SD, NE, KS, MN, IA, MO, WI, IL, MI, IN, OH)",Female,30-49,"Some college, no degree",Black,,Never been married,Other,Seldom,Democrat,,Conservative,1,Full-time employment
646,"West (WA, OR, ID, MT, WY, CA, NV, UT, CO, AZ, NM)",Male,18-29,Postgraduate,Other,,Never been married,Nothing in particular,Never,Democrat,,Liberal,1,Full-time employment
647,"Northeast (PA, NY, NJ, RI, CT, MA, VT, NH, ME)",Female,30-49,College graduate/some postgrad,Asian,"Yes, a citizen of the United States",Married,Nothing in particular,Never,,,Very liberal,2 people,Full-time employment
650,"Northeast (PA, NY, NJ, RI, CT, MA, VT, NH, ME)",Female,50-64,Associate's degree,Other,,Married,Other,Never,Something else,,Moderate,2,Self-employed
651,"South (TX, OK, AR, LA, KY, TN, MS, AL, WV, DC, MD, DE, VA, NC, SC, GA, FL)",Male,50-64,College graduate/some postgrad,Asian,"Yes, a citizen of the United States",Married,Atheist,Never,,,Liberal,3 people,Full-time employment
654,"South (TX, OK, AR, LA, KY, TN, MS, AL, WV, DC, MD, DE, VA, NC, SC, GA, FL)",Male,30-49,"Some college, no degree",Hispanic,"Yes, a citizen of the United States",Never been married,Agnostic,Never,Independent,"\$50,000-\$75,000",Moderate,4,Unemployed
655,"Northeast (PA, NY, NJ, RI, CT, MA, VT, NH, ME)",Female,18-29,"Some college, no degree",White,,,Agnostic,Never,Democrat,,Liberal,2 people,Full-time employment
656,"South (TX, OK, AR, LA, KY, TN, MS, AL, WV, DC, MD, DE, VA, NC, SC, GA, FL)",Female,50-64,"Some college, no degree",Black,,,Other,Once or twice a month,Democrat,,Moderate,2,Unemployed
657,"South (TX, OK, AR, LA, KY, TN, MS, AL, WV, DC, MD, DE, VA, NC, SC, GA, FL)",Female,18-29,"Some college, no degree",White,,Divorced,Jewish,Seldom,Democrat,,Moderate,1 person,Full-time employment
658,"Midwest (ND, SD, NE, KS, MN, IA, MO, WI, IL, MI, IN, OH)",Female,50-64,Postgraduate,White,,Married,Protestant,Once a week,Republican,,Conservative,4,Full-time employment
660,"South (TX, OK, AR, LA, KY, TN, MS, AL, WV, DC, MD, DE, VA, NC, SC, GA, FL)",Female,18-29,College graduate/some postgrad,Hispanic,,Never been married,Nothing in particular,Never,Democrat,,Liberal,1,Full-time employment
661,"Northeast (PA, NY, NJ, RI, CT, MA, VT, NH, ME)",Female,50-64,College graduate/some postgrad,White,,Divorced,Other,A few times a year,Republican,,Conservative,More than 4,Full-time employment
662,"West (WA, OR, ID, MT, WY, CA, NV, UT, CO, AZ, NM)",Male,18-29,High school graduate,White,"Yes, a citizen of the United States",Never been married,Atheist,Never,,,Moderate,1 person,Unemployed
663,"South (TX, OK, AR, LA, KY, TN, MS, AL, WV, DC, MD, DE, VA, NC, SC, GA, FL)",Female,30-49,"Some college, no degree",Other,,Never been married,Orthodox,More than once a week,Republican,,Very conservative,3,Full-time employment
664,"Midwest (ND, SD, NE, KS, MN, IA, MO, WI, IL, MI, IN, OH)",Female,50-64,Postgraduate,White,"Yes, a citizen of the United States",Never been married,Roman Catholic,More than once a week,Republican,,Conservative,1 person,Full-time employment
667,"Midwest (ND, SD, NE, KS, MN, IA, MO, WI, IL, MI, IN, OH)",Male,50-64,Postgraduate,Black,,Married,Agnostic,Never,,,Conservative,More than 4,Unemployed
668,"Midwest (ND, SD, NE, KS, MN, IA, MO, WI, IL, MI, IN, OH)",Female,18-29,High school graduate,White,"Yes, a citizen of the United States",Never been married,Atheist,Never,Democrat,"Less than $30,000",Liberal,4 people,Unemployed
670,"South (TX, OK, AR, LA, KY, TN, MS, AL, WV, DC, MD, DE, VA, NC, SC, GA, FL)",Female,50-64,College graduate/some postgrad,Hispanic,"Yes, a citizen of the United States",Married,Roman Catholic,Never,Democrat,,Liberal,More than 4,Retired
676,"West (WA, OR, ID, MT, WY, CA, NV, UT, CO, AZ, NM)",Male,50-64,"Some college, no degree",White,,Never been married,Agnostic,Never,,,Moderate,1,Full-time employment
677,"South (TX, OK, AR, LA, KY, TN, MS, AL, WV, DC, MD, DE, VA, NC, SC, GA, FL)",Female,30-49,"Some college, no degree",Black,"Yes, a citizen of the United States",Never been married,Protestant,Never,Democrat,,Moderate,2 people,Self-employed
679,"Northeast (PA, NY, NJ, RI, CT, MA, VT, NH, ME)",Male,65+,Postgraduate,White,,Married,Jewish,Seldom,,,Moderate,2,Part-time employment
680,"South (TX, OK, AR, LA, KY, TN, MS, AL, WV, DC, MD, DE, VA, NC, SC, GA, FL)",Male,30-49,"Some college, no degree",Black,,Never been married,Orthodox,A few times a year,Democrat,,Liberal,2 people,Full-time employment
681,"Northeast (PA, NY, NJ, RI, CT, MA, VT, NH, ME)",Male,30-49,College graduate/some postgrad,White,"Yes, a citizen of the United States",Never been married,Roman Catholic,Once or twice a month,Republican,,Conservative,1 person,Full-time employment
682,"West (WA, OR, ID, MT, WY, CA, NV, UT, CO, AZ, NM)",Female,30-49,Postgraduate,Asian,,Married,Atheist,Never,,,Liberal,2,Part-time employment
683,"Northeast (PA, NY, NJ, RI, CT, MA, VT, NH, ME)",Female,50-64,Postgraduate,White,"Yes, a citizen of the United States",Divorced,Roman Catholic,Never,Republican,,Conservative,3 people,Full-time employment
684,"Northeast (PA, NY, NJ, RI, CT, MA, VT, NH, ME)",Female,50-64,College graduate/some postgrad,White,,Married,Roman Catholic,Once a week,,,Moderate,4,Full-time employment
687,"Northeast (PA, NY, NJ, RI, CT, MA, VT, NH, ME)",Male,65+,College graduate/some postgrad,White,,Married,Protestant,Seldom,Republican,,Conservative,3,Full-time employment
688,"South (TX, OK, AR, LA, KY, TN, MS, AL, WV, DC, MD, DE, VA, NC, SC, GA, FL)",Female,30-49,Postgraduate,White,,Married,Protestant,Seldom,,,Conservative,4,Full-time employment
691,"Midwest (ND, SD, NE, KS, MN, IA, MO, WI, IL, MI, IN, OH)",Male,30-49,Postgraduate,White,"Yes, a citizen of the United States",,Agnostic,Never,Democrat,"$75,000-$100,000",Very liberal,2,Full-time employment
692,"South (TX, OK, AR, LA, KY, TN, MS, AL, WV, DC, MD, DE, VA, NC, SC, GA, FL)",Female,30-49,High school graduate,White,,,Protestant,Seldom,Democrat,,Moderate,3,Full-time employment
694,"South (TX, OK, AR, LA, KY, TN, MS, AL, WV, DC, MD, DE, VA, NC, SC, GA, FL)",Female,65+,College graduate/some postgrad,Black,Yes,Never been married,Roman Catholic,Seldom,,,Liberal,3,Retired
695,"Midwest (ND, SD, NE, KS, MN, IA, MO, WI, IL, MI, IN, OH)",Female,18-29,College graduate/some postgrad,Black,,Never been married,Agnostic,Never,Democrat,,Liberal,1,Full-time employment
696,"Midwest (ND, SD, NE, KS, MN, IA, MO, WI, IL, MI, IN, OH)",Female,65+,"Some college, no degree",White,"Yes, a citizen of the United States",Married,Protestant,A few times a year,,,Conservative,2 people,Part-time employment
697,"South (TX, OK, AR, LA, KY, TN, MS, AL, WV, DC, MD, DE, VA, NC, SC, GA, FL)",Female,30-49,Postgraduate,Asian,"Yes, a citizen of the United States",Married,Hindu,A few times a year,,,Liberal,3 people,Part-time employment
702,"Northeast (PA, NY, NJ, RI, CT, MA, VT, NH, ME)",Female,30-49,College graduate/some postgrad,Hispanic,"Yes, a citizen of the United States",,Roman Catholic,Once or twice a month,Republican,,Conservative,More than 4,Full-time employment
703,"South (TX, OK, AR, LA, KY, TN, MS, AL, WV, DC, MD, DE, VA, NC, SC, GA, FL)",Female,50-64,Associate's degree,White,"Yes, a citizen of the United States",Married,Nothing in particular,Never,Republican,,Conservative,2 people,Full-time employment
704,"Northeast (PA, NY, NJ, RI, CT, MA, VT, NH, ME)",Male,18-29,Postgraduate,Asian,,Divorced,Protestant,A few times a year,Republican,,Conservative,2,Full-time employment
705,"Lives in the South (TX, OK, AR, LA, KY, TN, MS, AL, WV, DC, MD, DE, VA, NC, SC, GA, FL) region of the United States.",Female.,65+.,Associate's degree.,Black.,"Yes, a citizen of the United States.",Never been married.,Other.,Seldom.,Democrat.,"Less than $30,000 per year.",Liberal.,1 person.,Retired.
706,"South (TX, OK, AR, LA, KY, TN, MS, AL, WV, DC, MD, DE, VA, NC, SC, GA, FL)",Female,18-29,"Some college, no degree",Black,"Yes, a citizen of the United States",Never been married,Nothing in particular,Never,,,Moderate,3 people,Unemployed
710,"South (TX, OK, AR, LA, KY, TN, MS, AL, WV, DC, MD, DE, VA, NC, SC, GA, FL)",Male,30-49,College graduate/some postgrad,White,,Married,Other,Seldom,Democrat,,Very liberal,4,Full-time employment
712,"South (TX, OK, AR, LA, KY, TN, MS, AL, WV, DC, MD, DE, VA, NC, SC, GA, FL)",Female,50-64,College graduate/some postgrad,White,,Divorced,Protestant,Once a week,Republican,,Moderate,2,Full-time employment
714,"South (TX, OK, AR, LA, KY, TN, MS, AL, WV, DC, MD, DE, VA, NC, SC, GA, FL)",Female,50-64,College graduate/some postgrad,White,Yes,Married,Nothing in particular,Never,Democrat,,Liberal,4,Full-time employment
715,"Pacific (HI, AK)",Male,30-49,College graduate/some postgrad,Asian,"Yes, a citizen of the United States",,Other,A few times a year,,,Moderate,3,Full-time employment
717,"West (WA, OR, ID, MT, WY, CA, NV, UT, CO, AZ, NM)",Male,50-64,"Some college, no degree",White,,Married,Agnostic,Never,Democrat,,Moderate,4,Retired
719,"Pacific (HI, AK)",Female,30-49,College graduate/some postgrad,White,Yes,Never been married,Other,Never,Democrat,,Liberal,1,Full-time employment
721,"Midwest (ND, SD, NE, KS, MN, IA, MO, WI, IL, MI, IN, OH)",Male,30-49,"Some college, no degree",White,"Yes, a citizen of the United States",Never been married,Atheist,Never,,,Very liberal,1 person,Self-employed
723,"Lives in the Midwest (ND, SD, NE, KS, MN, IA, MO, WI, IL, MI, IN, OH).",Female.,30-49 years old.,College graduate/some postgraduate studies.,Other.,,Never been married.,Other.,Once or twice a month.,,,Moderate.,1 person.,Full-time employment.
724,"South (TX, OK, AR, LA, KY, TN, MS, AL, WV, DC, MD, DE, VA, NC, SC, GA, FL)",Male,18-29,"Some college, no degree",White,"Yes, a citizen of the United States",Never been married,Orthodox,Once or twice a month,Republican,"$50,000-$75,000",Conservative,2 people,Full-time employment
725,"West (WA, OR, ID, MT, WY, CA, NV, UT, CO, AZ, NM)",Male,18-29,"Some college, no degree",Hispanic,"Yes, a citizen of the United States",Never been married,Roman Catholic,A few times a year,Democrat,,Very liberal,4 people,Student
726,"South (TX, OK, AR, LA, KY, TN, MS, AL, WV, DC, MD, DE, VA, NC, SC, GA, FL)",Female,65+,High school graduate,Black,"Yes, a citizen of the United States",Married,Protestant,Once a week,,,Liberal,2 people,Retired
727,"Midwest (ND, SD, NE, KS, MN, IA, MO, WI, IL, MI, IN, OH)",Male,50-64,High school graduate,White,,Married,Roman Catholic,Once or twice a month,Republican,,Moderate,2 people,Full-time employment
728,"South (TX, OK, AR, LA, KY, TN, MS, AL, WV, DC, MD, DE, VA, NC, SC, GA, FL)",Male,30-49,College graduate/some postgrad,White,,Married,Other,Never,Democrat,,Liberal,3,Full-time employment
729,"Midwest (ND, SD, NE, KS, MN, IA, MO, WI, IL, MI, IN, OH)",Male,30-49,Associate's degree,Hispanic,,Never been married,Nothing in particular,Never,Something else,,Moderate,2 people,Unemployed
730,"Midwest (ND, SD, NE, KS, MN, IA, MO, WI, IL, MI, IN, OH)",Male,18-29,Associate's degree,Asian,"Yes, a citizen of the United States",,Agnostic,A few times a year,Democrat,,Liberal,4 people,Student
732,"Midwest (ND, SD, NE, KS, MN, IA, MO, WI, IL, MI, IN, OH)",Female,18-29,High school graduate,Asian,"Yes, a citizen of the United States",,Roman Catholic,A few times a year,,,Moderate,2 people,Unemployed
734,"South (TX, OK, AR, LA, KY, TN, MS, AL, WV, DC, MD, DE, VA, NC, SC, GA, FL)",Female,50-64,Associate's degree,White,"Yes, a citizen of the United States",,Protestant,Once a week,,,Moderate,2 people,Self-employed
736,"West (WA, OR, ID, MT, WY, CA, NV, UT, CO, AZ, NM)",Female,65+,"Some college, no degree",White,,,Other,Seldom,Something else,,Liberal,1,Unemployed
737,"West (WA, OR, ID, MT, WY, CA, NV, UT, CO, AZ, NM)",Male,65+,Postgraduate,White,,Never been married,Atheist,Never,Democrat,,Very liberal,1 person,Self-employed
739,"South (TX, OK, AR, LA, KY, TN, MS, AL, WV, DC, MD, DE, VA, NC, SC, GA, FL)",Female,18-29,College graduate/some postgrad,White,"Yes, a citizen of the United States",Never been married,Atheist,Never,,,Liberal,4 people,Unemployed
740,"Northeast (PA, NY, NJ, RI, CT, MA, VT, NH, ME)",Male,30-49,Associate's degree,Other,,Never been married,Roman Catholic,Seldom,Independent,,Moderate,2 people,Unemployed
741,"Northeast (PA, NY, NJ, RI, CT, MA, VT, NH, ME)",Female,65+,College graduate/some postgrad,White,,Married,Other,Seldom,Independent,,Liberal,4,Self-employed
747,"Midwest (ND, SD, NE, KS, MN, IA, MO, WI, IL, MI, IN, OH)",Male,50-64,College graduate/some postgrad,White,,Divorced,Agnostic,Never,Democrat,,Liberal,1,Retired
748,"South (TX, OK, AR, LA, KY, TN, MS, AL, WV, DC, MD, DE, VA, NC, SC, GA, FL)",Female,30-49,"Some college, no degree",Black,"Yes, a citizen of the United States",,Nothing in particular,Never,,,Moderate,2 people,Unemployed
749,"South (TX, OK, AR, LA, KY, TN, MS, AL, WV, DC, MD, DE, VA, NC, SC, GA, FL)",Female,18-29,College graduate/some postgrad,Asian,"Yes, a citizen of the United States",Never been married,Roman Catholic,A few times a year,,,Conservative,More than 4,Student
751,"Lives in the South (TX, OK, AR, LA, KY, TN, MS, AL, WV, DC, MD, DE, VA, NC, SC, GA, FL).",Female.,18-29.,"Some college, no degree.",Asian.,"Yes, a citizen of the United States.",Never been married.,Nothing in particular.,Never attends religious services (aside from weddings/funerals).,Democrat.,"\$100,000 or more.",Liberal.,4 people.,Unemployed.
753,"West (WA, OR, ID, MT, WY, CA, NV, UT, CO, AZ, NM)",Female,50-64,College graduate/some postgrad,White,,Married,Protestant,Once a week,Independent,"\$100,000 or more",Moderate,3,Full-time employment
755,"South (TX, OK, AR, LA, KY, TN, MS, AL, WV, DC, MD, DE, VA, NC, SC, GA, FL)",Female,30-49,College graduate/some postgrad,Hispanic,"Yes, a citizen of the United States",Married,Other,Never,,,Liberal,2 people,Full-time employment
757,"West (WA, OR, ID, MT, WY, CA, NV, UT, CO, AZ, NM)",Female,50-64,College graduate/some postgrad,Black,"Yes, a citizen of the United States",Never been married,Nothing in particular,Never,,,Moderate,2 people,Full-time employment
758,"Midwest (ND, SD, NE, KS, MN, IA, MO, WI, IL, MI, IN, OH)",Male,50-64,Postgraduate,White,"Yes, a citizen of the United States",Never been married,Protestant,Seldom,Republican,"\$30,000-\$50,000",Conservative,2 people,Part-time employment
760,"South (TX, OK, AR, LA, KY, TN, MS, AL, WV, DC, MD, DE, VA, NC, SC, GA, FL)",Female,30-49,Associate's degree,White,"Yes, a citizen of the United States",Married,Other,Once a week,,,Conservative,2 people,Unemployed
761,"South (TX, OK, AR, LA, KY, TN, MS, AL, WV, DC, MD, DE, VA, NC, SC, GA, FL)",Female,30-49,College graduate/some postgrad,Hispanic,"Yes, a citizen of the United States",,Protestant,Once or twice a month,Democrat,,Very liberal,4 people,Home-maker
762,"Lives in the South (TX, OK, AR, LA, KY, TN, MS, AL, WV, DC, MD, DE, VA, NC, SC, GA, FL)",Female,30-49,College graduate/some postgrad,Hispanic,,Married,Nothing in particular,Never,Republican,,Moderate,4 people,Full-time employment
763,"South (TX, OK, AR, LA, KY, TN, MS, AL, WV, DC, MD, DE, VA, NC, SC, GA, FL)",Female,50-64,Associate's degree,White,"Yes, a citizen of the United States",,Other,Seldom,,,Moderate,2 people,Unemployed
764,"Midwest (ND, SD, NE, KS, MN, IA, MO, WI, IL, MI, IN, OH)",Female,65+,College graduate/some postgrad,White,"Yes, a citizen of the United States",Married,Roman Catholic,Once or twice a month,,,Very conservative,4 people,Full-time employment
766,"Lives in the Midwest (ND, SD, NE, KS, MN, IA, MO, WI, IL, MI, IN, OH).",Female.,30-49 years old.,Associate's degree.,White.,"Yes, a citizen of the United States.",Never been married.,Roman Catholic.,Seldom attends religious services (aside from weddings and funerals).,Identifies as a Democrat.,"Less than $30,000 per year.",Very liberal.,1 person in the household.,Full-time employment.
767,"Midwest (ND, SD, NE, KS, MN, IA, MO, WI, IL, MI, IN, OH)",Female,18-29,High school graduate,White,"Yes, a citizen of the United States",,Agnostic,Never,,,Very liberal,3 people,Part-time employment
768,"South (TX, OK, AR, LA, KY, TN, MS, AL, WV, DC, MD, DE, VA, NC, SC, GA, FL)",Female,50-64,Postgraduate,White,"Yes, a citizen of the United States",Married,Protestant,Seldom,Independent,"\$75,000-\$100,000",Liberal,More than 4,Full-time employment
769,"South (TX, OK, AR, LA, KY, TN, MS, AL, WV, DC, MD, DE, VA, NC, SC, GA, FL)",Female,18-29,"Some college, no degree",White,"Yes, a citizen of the United States",Never been married,Nothing in particular,Seldom,,,Moderate,4 people,Student
771,"Northeast (PA, NY, NJ, RI, CT, MA, VT, NH, ME)",Female,18-29,"Some college, no degree",Asian,,Never been married,Nothing in particular,Never,,,Very liberal,3,Student
774,"West (WA, OR, ID, MT, WY, CA, NV, UT, CO, AZ, NM)",Male,18-29,College graduate/some postgrad,Asian,"Yes, a citizen of the United States",Never been married,Atheist,A few times a year,Democrat,"$50,000-$75,000",Liberal,2 people,Full-time employment
778,"South (TX, OK, AR, LA, KY, TN, MS, AL, WV, DC, MD, DE, VA, NC, SC, GA, FL)",Female,50-64,College graduate/some postgrad,White,Yes,Married,Roman Catholic,Once a week,Republican,,Conservative,More than 4,Unemployed
780,"South (TX, OK, AR, LA, KY, TN, MS, AL, WV, DC, MD, DE, VA, NC, SC, GA, FL)",Female,50-64,College graduate/some postgrad,White,"Yes, a citizen of the United States",,Other,Seldom,,,Very liberal,2 people,Retired
781,"Northeast (PA, NY, NJ, RI, CT, MA, VT, NH, ME)",Male,30-49,Postgraduate,White,,Never been married,Agnostic,Never,Something else,,Very liberal,1 person,Unemployed
782,"West (WA, OR, ID, MT, WY, CA, NV, UT, CO, AZ, NM)",Female,18-29,College graduate/some postgrad,Asian,"Yes, a citizen of the United States",Never been married,Agnostic,Never,,,Moderate,4 people,Full-time employment
784,"South (TX, OK, AR, LA, KY, TN, MS, AL, WV, DC, MD, DE, VA, NC, SC, GA, FL)",Male,30-49,Postgraduate,White,,Never been married,Roman Catholic,Once a week,Independent,,Moderate,More than 4,Full-time employment
785,"South (TX, OK, AR, LA, KY, TN, MS, AL, WV, DC, MD, DE, VA, NC, SC, GA, FL)",Female,50-64,College graduate/some postgrad,White,"Yes, a citizen of the United States",Married,Jewish,Seldom,Republican,,Moderate,3 people,Full-time employment
786,"South (TX, OK, AR, LA, KY, TN, MS, AL, WV, DC, MD, DE, VA, NC, SC, GA, FL)",Male,30-49,Associate's degree,White,,Never been married,Protestant,A few times a year,Democrat,,Moderate,2,Part-time employment
788,"South (TX, OK, AR, LA, KY, TN, MS, AL, WV, DC, MD, DE, VA, NC, SC, GA, FL)",Female,50-64,Postgraduate,White,"Yes, a citizen of the United States",Married,Protestant,Once or twice a month,,,Conservative,3 people,Full-time employment
790,"Northeast (PA, NY, NJ, RI, CT, MA, VT, NH, ME)",Female,30-49,"Some college, no degree",White,,Never been married,Atheist,Never,Independent,,Very liberal,4,Full-time employment
793,"South (TX, OK, AR, LA, KY, TN, MS, AL, WV, DC, MD, DE, VA, NC, SC, GA, FL)",Female,50-64,College graduate/some postgrad,White,,Widowed,Protestant,Seldom,Republican,,Liberal,3,Part-time employment
794,"West (WA, OR, ID, MT, WY, CA, NV, UT, CO, AZ, NM)",Female,50-64,"Some college, no degree",Black,,Never been married,Roman Catholic,Seldom,Democrat,,Very liberal,3,Student
796,"West (WA, OR, ID, MT, WY, CA, NV, UT, CO, AZ, NM)",Male,18-29,High school graduate,White,"Yes, a citizen of the United States",Never been married,Jewish,A few times a year,Republican,,Conservative,3 people,Unemployed
797,"West (WA, OR, ID, MT, WY, CA, NV, UT, CO, AZ, NM)",Female,30-49,Associate's degree,Asian,"Yes, a citizen of the United States",Never been married,Protestant,A few times a year,,,Conservative,3 people,Part-time employment
798,"Northeast (PA, NY, NJ, RI, CT, MA, VT, NH, ME)",Male,50-64,College graduate/some postgrad,White,,Divorced,Protestant,Never,,,Moderate,2,Full-time employment
799,"Midwest (ND, SD, NE, KS, MN, IA, MO, WI, IL, MI, IN, OH)",Male,18-29,"Some college, no degree",Black,"Yes, a citizen of the United States",Never been married,Muslim,Seldom,Democrat,"\$30,000-\$50,000",Liberal,4 people,Part-time employment
801,"West (WA, OR, ID, MT, WY, CA, NV, UT, CO, AZ, NM)",Female,30-49,College graduate/some postgrad,White,"Yes, a citizen of the United States",Married,Roman Catholic,Never,Democrat,,Liberal,3 people,Home-maker
802,"Midwest (ND, SD, NE, KS, MN, IA, MO, WI, IL, MI, IN, OH)",Male,30-49,"Some college, no degree",White,"Yes, a citizen of the United States",,Other,Never,Independent,,Liberal,4,Unemployed
806,"South (TX, OK, AR, LA, KY, TN, MS, AL, WV, DC, MD, DE, VA, NC, SC, GA, FL)",Male,30-49,"Some college, no degree",Black,"Yes, a citizen of the United States",Never been married,Protestant,More than once a week,Independent,"Less than $30,000",Moderate,2 people,Self-employed
808,"Northeast (PA, NY, NJ, RI, CT, MA, VT, NH, ME)",Female,65+,Postgraduate,Black,"Yes, a citizen of the United States",Married,Nothing in particular,Seldom,,,Moderate,2 people,Full-time employment
809,"South (TX, OK, AR, LA, KY, TN, MS, AL, WV, DC, MD, DE, VA, NC, SC, GA, FL)",Male,50-64,College graduate/some postgrad,White,"Yes, a citizen of the United States",Married,Protestant,Seldom,,,Moderate,2 people,Full-time employment
810,"South (TX, OK, AR, LA, KY, TN, MS, AL, WV, DC, MD, DE, VA, NC, SC, GA, FL)",Female,30-49,College graduate/some postgrad,White,Yes,Never been married,Nothing in particular,Never,,,Liberal,3,Unemployed
811,"South (TX, OK, AR, LA, KY, TN, MS, AL, WV, DC, MD, DE, VA, NC, SC, GA, FL)",Male,18-29,"Some college, no degree",White,"Yes, a citizen of the United States",Never been married,Other,Seldom,Republican,,Very conservative,2 people,Full-time employment
812,"Midwest (ND, SD, NE, KS, MN, IA, MO, WI, IL, MI, IN, OH)",Female,30-49,"Some college, no degree",Other,,Married,Nothing in particular,Never,,,Moderate,3,Self-employed
813,"South (TX, OK, AR, LA, KY, TN, MS, AL, WV, DC, MD, DE, VA, NC, SC, GA, FL)",Male,30-49,"Some college, no degree",White,"Yes, a citizen of the United States",,Atheist,Never,,,Conservative,1 person,Unemployed
816,"Midwest (ND, SD, NE, KS, MN, IA, MO, WI, IL, MI, IN, OH)",Male,30-49,College graduate/some postgrad,White,,Married,Protestant,Seldom,,,Moderate,4 people,Self-employed
817,"South (TX, OK, AR, LA, KY, TN, MS, AL, WV, DC, MD, DE, VA, NC, SC, GA, FL)",Female,50-64,College graduate/some postgrad,White,"Yes, a citizen of the United States",,Protestant,Once a week,,,Liberal,2 people,Full-time employment
818,"Northeast (PA, NY, NJ, RI, CT, MA, VT, NH, ME)",Male,30-49,College graduate/some postgrad,White,,Never been married,Atheist,Never,Democrat,,Liberal,3,Full-time employment
819,"South (TX, OK, AR, LA, KY, TN, MS, AL, WV, DC, MD, DE, VA, NC, SC, GA, FL)",Female,18-29,High school graduate,White,,Never been married,Nothing in particular,Never,Democrat,,Very liberal,2,Full-time employment
820,"South (TX, OK, AR, LA, KY, TN, MS, AL, WV, DC, MD, DE, VA, NC, SC, GA, FL)",Female,30-49,College graduate/some postgrad,White,"Yes, a citizen of the United States",Never been married,Other,Once or twice a month,Democrat,,Liberal,1 person,Full-time employment
823,"South (TX, OK, AR, LA, KY, TN, MS, AL, WV, DC, MD, DE, VA, NC, SC, GA, FL)",Male,50-64,Less than high school,Black,"Yes, a citizen of the United States",,Nothing in particular,Never,,,Moderate,3 people,Part-time employment
824,"Northeast (PA, NY, NJ, RI, CT, MA, VT, NH, ME)",Male,30-49,College graduate/some postgrad,White,,Never been married,Agnostic,Seldom,,,Moderate,1 person,Self-employed
826,"Northeast (PA, NY, NJ, RI, CT, MA, VT, NH, ME)",Female,65+,Postgraduate,White,"Yes, a citizen of the United States",Divorced,Roman Catholic,Seldom,,,Moderate,1 person,Self-employed
827,"South (TX, OK, AR, LA, KY, TN, MS, AL, WV, DC, MD, DE, VA, NC, SC, GA, FL)",Female,30-49,"Some college, no degree",White,,Married,Other,More than once a week,Democrat,,Very liberal,More than 4,Full-time employment
828,"South (TX, OK, AR, LA, KY, TN, MS, AL, WV, DC, MD, DE, VA, NC, SC, GA, FL)",Male,50-64,"Some college, no degree",White,,,Protestant,A few times a year,Republican,,Conservative,3,Self-employed
832,"Northeast (PA, NY, NJ, RI, CT, MA, VT, NH, ME)",Male,50-64,College graduate/some postgrad,White,"Yes, a citizen of the United States",Married,Protestant,Seldom,,,Liberal,3 people,Unemployed
833,"South (TX, OK, AR, LA, KY, TN, MS, AL, WV, DC, MD, DE, VA, NC, SC, GA, FL)",Female,30-49,College graduate/some postgrad,White,,Married,Mormon,Once a week,Republican,,Conservative,More than 4,Part-time employment
834,"South (TX, OK, AR, LA, KY, TN, MS, AL, WV, DC, MD, DE, VA, NC, SC, GA, FL)",Female,50-64,College graduate/some postgrad,White,,Married,Protestant,A few times a year,Republican,,Conservative,4,Full-time employment
835,"Lives in the South region of the United States (TX, OK, AR, LA, KY, TN, MS, AL, WV, DC, MD, DE, VA, NC, SC, GA, FL).",Male.,18-29 years old.,High school graduate.,Other.,,Never been married.,Other.,Never.,,,Conservative.,3 people.,Part-time employment.
836,"Northeast (PA, NY, NJ, RI, CT, MA, VT, NH, ME)",Female,65+,Postgraduate,White,,Married,Protestant,Seldom,Republican,,Moderate,2,Retired
838,"South (TX, OK, AR, LA, KY, TN, MS, AL, WV, DC, MD, DE, VA, NC, SC, GA, FL)",Male,65+,Postgraduate,White,,Married,Protestant,Once a week,Independent,,Conservative,2,Self-employed
839,"South (TX, OK, AR, LA, KY, TN, MS, AL, WV, DC, MD, DE, VA, NC, SC, GA, FL)",Female,50-64,Associate's degree,White,"Yes, a citizen of the United States",Married,Protestant,Seldom,,,Moderate,2 people,Full-time employment
841,"Midwest (ND, SD, NE, KS, MN, IA, MO, WI, IL, MI, IN, OH)",Male,30-49,College graduate/some postgrad,Hispanic,"Yes, a citizen of the United States",,Protestant,Seldom,,,Liberal,3 people,Full-time employment
843,"South (TX, OK, AR, LA, KY, TN, MS, AL, WV, DC, MD, DE, VA, NC, SC, GA, FL)",Male,50-64,High school graduate,Black,,,Atheist,Never,Democrat,,Liberal,3,Full-time employment
846,"South (TX, OK, AR, LA, KY, TN, MS, AL, WV, DC, MD, DE, VA, NC, SC, GA, FL)",Female,30-49,College graduate/some postgrad,Hispanic,"Yes, a citizen of the United States",Married,Roman Catholic,Once a week,,,Conservative,More than 4,Full-time employment
847,"West (WA, OR, ID, MT, WY, CA, NV, UT, CO, AZ, NM)",Male,18-29,Postgraduate,Hispanic,"Yes, a citizen of the United States",Never been married,Atheist,Never,Democrat,,Very liberal,4,Full-time employment
848,"South (TX, OK, AR, LA, KY, TN, MS, AL, WV, DC, MD, DE, VA, NC, SC, GA, FL)",Female,30-49,College graduate/some postgrad,White,,,Agnostic,A few times a year,Independent,"Less than $30,000",Moderate,1,Part-time employment
850,"Midwest (ND, SD, NE, KS, MN, IA, MO, WI, IL, MI, IN, OH)",Female,18-29,"Some college, no degree",Other,,Never been married,Protestant,A few times a year,Republican,,Conservative,More than 4,Student
851,"South (TX, OK, AR, LA, KY, TN, MS, AL, WV, DC, MD, DE, VA, NC, SC, GA, FL)",Male,30-49,Postgraduate,White,,Married,Roman Catholic,Once a week,Democrat,,Very liberal,4,Full-time employment
852,"Northeast (PA, NY, NJ, RI, CT, MA, VT, NH, ME)",Female,18-29,College graduate/some postgrad,White,"Yes, a citizen of the United States",Never been married,Agnostic,Never,Democrat,,Very liberal,4,Full-time employment
853,"Northeast (PA, NY, NJ, RI, CT, MA, VT, NH, ME)",Male,50-64,College graduate/some postgrad,White,"Yes, a citizen of the United States",Never been married,Nothing in particular,Never,,,Liberal,1 person,Full-time employment
854,"Midwest (ND, SD, NE, KS, MN, IA, MO, WI, IL, MI, IN, OH)",Female,30-49,Postgraduate,White,"Yes, a citizen of the United States",Married,Agnostic,Seldom,,,Liberal,2 people,Full-time employment
855,"Lives in the South region of the United States (TX, OK, AR, LA, KY, TN, MS, AL, WV, DC, MD, DE, VA, NC, SC, GA, FL).",Male.,18-29 years old.,Has an Associate's degree.,Black.,"Yes, a citizen of the United States.",Never been married.,Agnostic.,Never attends religious services (aside from weddings/funerals).,,"\$100,000 or more per year.",Liberal.,4 people.,Full-time employment.
857,"Midwest (ND, SD, NE, KS, MN, IA, MO, WI, IL, MI, IN, OH)",Male,18-29,High school graduate,Hispanic,"Yes, a citizen of the United States",Never been married,Agnostic,Never,,,Liberal,3 people,Self-employed
858,"West (WA, OR, ID, MT, WY, CA, NV, UT, CO, AZ, NM)",Female,50-64,Associate's degree,White,"Yes, a citizen of the United States",Married,Agnostic,Never,Democrat,,Very liberal,3,Full-time employment
859,"West (WA, OR, ID, MT, WY, CA, NV, UT, CO, AZ, NM)",Male,50-64,College graduate/some postgrad,White,,Married,Agnostic,Never,,,Moderate,4,Retired
860,"South (TX, OK, AR, LA, KY, TN, MS, AL, WV, DC, MD, DE, VA, NC, SC, GA, FL)",Female,30-49,"Some college, no degree",White,,,Other,Seldom,Independent,,Very liberal,2,Self-employed
862,"Northeast (PA, NY, NJ, RI, CT, MA, VT, NH, ME)",Male,50-64,College graduate/some postgrad,White,"Yes, a citizen of the United States",Never been married,Roman Catholic,Seldom,Democrat,"\$100,000 or more",Moderate,4,Full-time employment
863,"West (WA, OR, ID, MT, WY, CA, NV, UT, CO, AZ, NM)",Male,30-49,"Some college, no degree",Other,,Never been married,Nothing in particular,Seldom,Independent,,Moderate,1,Self-employed
864,"South (TX, OK, AR, LA, KY, TN, MS, AL, WV, DC, MD, DE, VA, NC, SC, GA, FL)",Male,50-64,"Some college, no degree",White,,Married,Nothing in particular,Never,,,Moderate,4,Retired
866,"Northeast (PA, NY, NJ, RI, CT, MA, VT, NH, ME)",Male,30-49,High school graduate,White,"Yes, a citizen of the United States",Never been married,Roman Catholic,Seldom,,,Liberal,1 person,Full-time employment
867,"South (TX, OK, AR, LA, KY, TN, MS, AL, WV, DC, MD, DE, VA, NC, SC, GA, FL)",Male,30-49,Associate's degree,White,"Yes, a citizen of the United States",Married,Atheist,Never,,,Liberal,3 people,Full-time employment
868,"Midwest (ND, SD, NE, KS, MN, IA, MO, WI, IL, MI, IN, OH)",Female,50-64,High school graduate,White,"Yes, a citizen of the United States",Divorced,Other,Never,,,Conservative,3 people,Retired
872,"Northeast (PA, NY, NJ, RI, CT, MA, VT, NH, ME)",Female,30-49,High school graduate,Hispanic,"Yes, a citizen of the United States",,Protestant,Once or twice a month,Democrat,,Very liberal,3 people,Unemployed
875,"South (TX, OK, AR, LA, KY, TN, MS, AL, WV, DC, MD, DE, VA, NC, SC, GA, FL)",Male,30-49,"Some college, no degree",Other,,Married,Protestant,A few times a year,Independent,,Moderate,4,Part-time employment
876,"Midwest (ND, SD, NE, KS, MN, IA, MO, WI, IL, MI, IN, OH)",Female,30-49,"Some college, no degree",Black,"Yes, a citizen of the United States",Never been married,Agnostic,Never,,,Liberal,1 person,Part-time employment
879,"South (TX, OK, AR, LA, KY, TN, MS, AL, WV, DC, MD, DE, VA, NC, SC, GA, FL)",Female,50-64,"Some college, no degree",Asian,,Divorced,Buddhist,Seldom,,,Moderate,2,Self-employed
880,"Northeast (PA, NY, NJ, RI, CT, MA, VT, NH, ME)",Male,50-64,College graduate/some postgrad,White,,Married,Roman Catholic,A few times a year,,,Moderate,2,Full-time employment
883,"Midwest (ND, SD, NE, KS, MN, IA, MO, WI, IL, MI, IN, OH)",Female,30-49,College graduate/some postgrad,White,"Yes, a citizen of the United States",Married,Agnostic,Seldom,,,Moderate,4 people,Full-time employment
885,"West (WA, OR, ID, MT, WY, CA, NV, UT, CO, AZ, NM)",Male,30-49,Associate's degree,Black,"Yes, a citizen of the United States",Married,Muslim,Once or twice a month,,,Moderate,3 people,Full-time employment
887,"West (WA, OR, ID, MT, WY, CA, NV, UT, CO, AZ, NM)",Female,50-64,College graduate/some postgrad,White,Yes,Divorced,Atheist,Never,,,Very liberal,1,Part-time employment
891,"South (TX, OK, AR, LA, KY, TN, MS, AL, WV, DC, MD, DE, VA, NC, SC, GA, FL)",Female,50-64,"Some college, no degree",White,,,Atheist,Never,,,Very liberal,3 people,Self-employed
895,"West (WA, OR, ID, MT, WY, CA, NV, UT, CO, AZ, NM)",Female,18-29,College graduate/some postgrad,Hispanic,"Yes, a citizen of the United States",Never been married,Roman Catholic,Seldom,,,Moderate,1 person,Self-employed
896,"Midwest (ND, SD, NE, KS, MN, IA, MO, WI, IL, MI, IN, OH)",Female,65+,Associate's degree,White,"Yes, a citizen of the United States",Divorced,Nothing in particular,Seldom,,,Liberal,1 person,Retired
897,"South (TX, OK, AR, LA, KY, TN, MS, AL, WV, DC, MD, DE, VA, NC, SC, GA, FL)",Male,18-29,High school graduate,White,,Never been married,Agnostic,Seldom,Independent,,Liberal,2,Full-time employment
898,"South (TX, OK, AR, LA, KY, TN, MS, AL, WV, DC, MD, DE, VA, NC, SC, GA, FL)",Female,50-64,College graduate/some postgrad,Black,"Yes, a citizen of the United States",Married,Roman Catholic,Once a week,,,Moderate,3 people,Full-time employment
900,"Northeast (PA, NY, NJ, RI, CT, MA, VT, NH, ME)",Female,30-49,High school graduate,White,,Widowed,Agnostic,Never,Democrat,,Liberal,2,Part-time employment
901,"Midwest (ND, SD, NE, KS, MN, IA, MO, WI, IL, MI, IN, OH)",Female,30-49,College graduate/some postgrad,White,"Yes, a citizen of the United States",Never been married,Protestant,Seldom,Democrat,,Liberal,1 person,Full-time employment
906,"Northeast (PA, NY, NJ, RI, CT, MA, VT, NH, ME)",Female,50-64,College graduate/some postgrad,White,"Yes, a citizen of the United States",Widowed,Roman Catholic,A few times a year,,,Liberal,4 people,Self-employed
907,"South (TX, OK, AR, LA, KY, TN, MS, AL, WV, DC, MD, DE, VA, NC, SC, GA, FL)",Female,30-49,Postgraduate,Asian,"Yes, a citizen of the United States",,Roman Catholic,Seldom,,,Liberal,2 people,Home-maker
908,"Midwest (ND, SD, NE, KS, MN, IA, MO, WI, IL, MI, IN, OH)",Male,30-49,College graduate/some postgrad,White,"Yes, a citizen of the United States",,Roman Catholic,A few times a year,,,Moderate,3 people,Full-time employment
909,"Midwest (ND, SD, NE, KS, MN, IA, MO, WI, IL, MI, IN, OH)",Male,50-64,Associate's degree,White,"Yes, a citizen of the United States",Married,Protestant,Once a week,Democrat,,Liberal,2 people,Self-employed
910,"South (TX, OK, AR, LA, KY, TN, MS, AL, WV, DC, MD, DE, VA, NC, SC, GA, FL)",Female,30-49,College graduate/some postgrad,White,,Divorced,Atheist,Never,Independent,,Liberal,1,Full-time employment
913,"West (WA, OR, ID, MT, WY, CA, NV, UT, CO, AZ, NM)",Male,18-29,"Some college, no degree",White,"Yes, a citizen of the United States",,Mormon,Once a week,Republican,"Less than $30,000",Moderate,More than 4,Part-time employment
915,"South (TX, OK, AR, LA, KY, TN, MS, AL, WV, DC, MD, DE, VA, NC, SC, GA, FL)",Female,18-29,High school graduate,White,"Yes, a citizen of the United States",,Atheist,Seldom,Democrat,"Less than $30,000",Liberal,2 people,Self-employed
917,"Northeast (PA, NY, NJ, RI, CT, MA, VT, NH, ME)",Male,30-49,Postgraduate,White,,Married,Protestant,Once a week,Republican,,Conservative,3,Full-time employment
918,"West (WA, OR, ID, MT, WY, CA, NV, UT, CO, AZ, NM)",Female,30-49,College graduate/some postgrad,White,,Married,Nothing in particular,Never,,,Moderate,2,Home-maker
919,"Midwest (ND, SD, NE, KS, MN, IA, MO, WI, IL, MI, IN, OH)",Female,18-29,College graduate/some postgrad,White,"Yes, US Citizen",Never been married,Atheist,Never,Democrat,,Very liberal,2 people,Self-employed
920,"Northeast (PA, NY, NJ, RI, CT, MA, VT, NH, ME)",Female,50-64,College graduate/some postgrad,White,,Separated,Agnostic,Never,Republican,,Conservative,1 person,Full-time employment
921,"Northeast (PA, NY, NJ, RI, CT, MA, VT, NH, ME)",Male,50-64,Associate's degree,White,,Married,Nothing in particular,Never,,,Moderate,4 people,Self-employed
923,"Northeast (PA, NY, NJ, RI, CT, MA, VT, NH, ME)",Male,50-64,Postgraduate,White,,Never been married,Roman Catholic,Once a week,,,Moderate,1 person,Full-time employment
925,"West (WA, OR, ID, MT, WY, CA, NV, UT, CO, AZ, NM)",Female,50-64,College graduate/some postgrad,White,"Yes, a citizen of the United States",,Roman Catholic,Once a week,,,Moderate,1 person,Retired
926,"Northeast (PA, NY, NJ, RI, CT, MA, VT, NH, ME)",Female,30-49,College graduate/some postgrad,White,"Yes, a citizen of the United States",Never been married,Nothing in particular,Seldom,Republican,,Conservative,1 person,Full-time employment
928,"West (WA, OR, ID, MT, WY, CA, NV, UT, CO, AZ, NM)",Male,18-29,High school graduate,Hispanic,"Yes, a citizen of the United States",Never been married,Other,A few times a year,,,Moderate,More than 4,Part-time employment
930,"Northeast (PA, NY, NJ, RI, CT, MA, VT, NH, ME)",Female,18-29,College graduate/some postgrad,Asian,"Yes, a citizen of the United States",Never been married,Agnostic,Seldom,Democrat,,Very liberal,3 people,Self-employed
933,"South (TX, OK, AR, LA, KY, TN, MS, AL, WV, DC, MD, DE, VA, NC, SC, GA, FL)",Female,30-49,"Some college, no degree",White,,Never been married,Protestant,A few times a year,Democrat,,Very liberal,1,Unemployed
934,"South (TX, OK, AR, LA, KY, TN, MS, AL, WV, DC, MD, DE, VA, NC, SC, GA, FL)",Male,50-64,"Some college, no degree",Black,"Yes, a citizen of the United States",Married,Other,More than once a week,,,Conservative,More than 4,Full-time employment
935,"South (TX, OK, AR, LA, KY, TN, MS, AL, WV, DC, MD, DE, VA, NC, SC, GA, FL)",Male,30-49,College graduate/some postgrad,White,"Yes, a citizen of the United States",Married,Protestant,Once a week,Republican,"Less than $30,000",Very conservative,More than 4,Self-employed
936,"South (TX, OK, AR, LA, KY, TN, MS, AL, WV, DC, MD, DE, VA, NC, SC, GA, FL)",Male,18-29,Associate's degree,White,"Yes, a citizen of the United States",Never been married,Agnostic,Never,,,Moderate,More than 4,Student
937,"Northeast (PA, NY, NJ, RI, CT, MA, VT, NH, ME)",Female,50-64,Postgraduate,Asian,,Married,Roman Catholic,Once a week,,,Moderate,2 people,Full-time employment
938,"Midwest (ND, SD, NE, KS, MN, IA, MO, WI, IL, MI, IN, OH)",Female,50-64,"Some college, no degree",White,,,Agnostic,Never,Democrat,,Very liberal,3 people,Home-maker
939,"West (WA, OR, ID, MT, WY, CA, NV, UT, CO, AZ, NM)",Male,30-49,Postgraduate,Asian,"Yes, a citizen of the United States",Never been married,Protestant,Seldom,,,Conservative,1 person,Retired
940,"West (WA, OR, ID, MT, WY, CA, NV, UT, CO, AZ, NM)",Male,50-64,College graduate/some postgrad,Asian,"Yes, a citizen of the United States",Married,Protestant,Once a week,,,Moderate,4 people,Full-time employment
942,"Northeast (PA, NY, NJ, RI, CT, MA, VT, NH, ME)",Female,65+,"Some college, no degree",White,,Married,Other,More than once a week,Republican,,Conservative,2,Full-time employment
943,"Midwest (ND, SD, NE, KS, MN, IA, MO, WI, IL, MI, IN, OH)",Female,18-29,College graduate/some postgrad,Asian,"Yes, a citizen of the United States",,Nothing in particular,Seldom,,,Moderate,2 people,Part-time employment
944,"Midwest (ND, SD, NE, KS, MN, IA, MO, WI, IL, MI, IN, OH)",Male,30-49,"Some college, no degree",White,,Separated,Agnostic,Never,Democrat,,Liberal,1,Full-time employment
945,"Northeast (PA, NY, NJ, RI, CT, MA, VT, NH, ME)",Female,50-64,Postgraduate,White,,Married,Protestant,Once a week,Republican,,Conservative,4,Full-time employment
946,"South (TX, OK, AR, LA, KY, TN, MS, AL, WV, DC, MD, DE, VA, NC, SC, GA, FL)",Male,18-29,"Some college, no degree",Hispanic,"Yes, a citizen of the United States",,Nothing in particular,A few times a year,Republican,,Conservative,4 people,Full-time employment
947,"Midwest (ND, SD, NE, KS, MN, IA, MO, WI, IL, MI, IN, OH)",Male,50-64,College graduate/some postgrad,White,,Married,Protestant,Seldom,Democrat,,Very liberal,4,Part-time employment
948,"Midwest (ND, SD, NE, KS, MN, IA, MO, WI, IL, MI, IN, OH)",Female,18-29,"Some college, no degree",White,"Yes, a citizen of the United States",Never been married,Other,Once a week,,,Conservative,More than 4,Student
949,"West (WA, OR, ID, MT, WY, CA, NV, UT, CO, AZ, NM)",Female,18-29,College graduate/some postgrad,White,"Yes, a citizen of the United States",Never been married,Roman Catholic,Seldom,,,Moderate,1 person,Student
952,"South (TX, OK, AR, LA, KY, TN, MS, AL, WV, DC, MD, DE, VA, NC, SC, GA, FL)",Male,18-29,High school graduate,White,,Never been married,Nothing in particular,Never,Republican,,Conservative,1 person,Full-time employment
953,"South (TX, OK, AR, LA, KY, TN, MS, AL, WV, DC, MD, DE, VA, NC, SC, GA, FL)",Female,65+,College graduate/some postgrad,White,,Married,Roman Catholic,Once a week,Democrat,,Liberal,4,Full-time employment
954,"South (TX, OK, AR, LA, KY, TN, MS, AL, WV, DC, MD, DE, VA, NC, SC, GA, FL)",Male,30-49,Postgraduate,White,"Yes, a citizen of the United States",,Nothing in particular,Never,Democrat,,Liberal,1 person,Full-time employment
955,"South (TX, OK, AR, LA, KY, TN, MS, AL, WV, DC, MD, DE, VA, NC, SC, GA, FL)",Male,18-29,College graduate/some postgrad,Hispanic,"Yes, a citizen of the United States",Never been married,Agnostic,Seldom,,,Liberal,More than 4,Student
956,"Northeast (PA, NY, NJ, RI, CT, MA, VT, NH, ME)",Male,30-49,Postgraduate,White,,Never been married,Atheist,Never,Democrat,,Very liberal,3,Full-time employment
957,"West (WA, OR, ID, MT, WY, CA, NV, UT, CO, AZ, NM)",Female,30-49,College graduate/some postgrad,Other,,,Nothing in particular,Never,,,Moderate,2,Unemployed
958,"Northeast (PA, NY, NJ, RI, CT, MA, VT, NH, ME)",Male,65+,College graduate/some postgrad,White,,Married,Other,Once a week,Democrat,,Conservative,3,Full-time employment
960,"Lives in the South (TX, OK, AR, LA, KY, TN, MS, AL, WV, DC, MD, DE, VA, NC, SC, GA, FL) region of the United States.",Female.,30-49 years old.,"Some college, no degree.",White.,"Yes, a citizen of the United States.",Never been married.,Protestant.,Seldom attends religious services.,,,Conservative.,1 person.,Self-employed.
964,"South (TX, OK, AR, LA, KY, TN, MS, AL, WV, DC, MD, DE, VA, NC, SC, GA, FL)",Female,18-29,College graduate/some postgrad,Black,"Yes, a citizen of the United States",Never been married,Roman Catholic,A few times a year,Democrat,,Very liberal,1 person,Full-time employment
965,"West (WA, OR, ID, MT, WY, CA, NV, UT, CO, AZ, NM)",Female,30-49,Associate's degree,White,"Yes, a citizen of the United States",Married,Nothing in particular,Never,Republican,,Moderate,More than 4,Part-time employment
966,"South (TX, OK, AR, LA, KY, TN, MS, AL, WV, DC, MD, DE, VA, NC, SC, GA, FL)",Male,30-49,College graduate/some postgrad,White,,,Nothing in particular,Never,,,Very liberal,2,Full-time employment
968,"Pacific (HI, AK)",Female,30-49,College graduate/some postgrad,Asian,,Married,Nothing in particular,Never,Democrat,,Moderate,2,Full-time employment
969,"West (WA, OR, ID, MT, WY, CA, NV, UT, CO, AZ, NM)",Female,18-29,High school graduate,White,"Yes, a citizen of the United States",Never been married,Other,More than once a week,,,Moderate,3 people,Unemployed
970,"South (TX, OK, AR, LA, KY, TN, MS, AL, WV, DC, MD, DE, VA, NC, SC, GA, FL)",Female,18-29,Postgraduate,White,"Yes, a citizen of the United States",Never been married,Other,Seldom,,,Very liberal,1 person,Full-time employment
971,"Northeast (PA, NY, NJ, RI, CT, MA, VT, NH, ME)",Male,50-64,Postgraduate,White,,Never been married,Nothing in particular,Never,Democrat,,Very liberal,2 people,Full-time employment
973,"Midwest (ND, SD, NE, KS, MN, IA, MO, WI, IL, MI, IN, OH)",Male,30-49,High school graduate,White,,Married,Other,More than once a week,,,Moderate,More than 4,Part-time employment
974,"South (TX, OK, AR, LA, KY, TN, MS, AL, WV, DC, MD, DE, VA, NC, SC, GA, FL)",Female,50-64,Associate's degree,White,"Yes, a citizen of the United States",Married,Protestant,Never,Republican,,Very conservative,2 people,Self-employed
977,"South (TX, OK, AR, LA, KY, TN, MS, AL, WV, DC, MD, DE, VA, NC, SC, GA, FL)",Female,50-64,"Some college, no degree",Black,,Never been married,Protestant,Never,Democrat,,Conservative,1 person,Retired
983,"West (WA, OR, ID, MT, WY, CA, NV, UT, CO, AZ, NM)",Male,18-29,Postgraduate,Hispanic,"Yes, a citizen of the United States",,Roman Catholic,Never,,,Moderate,4 people,Unemployed
984,"Midwest (ND, SD, NE, KS, MN, IA, MO, WI, IL, MI, IN, OH)",Male,65+,College graduate/some postgrad,White,"Yes, a citizen of the United States",,Other,Seldom,,,Liberal,2 people,Self-employed
986,"Midwest (ND, SD, NE, KS, MN, IA, MO, WI, IL, MI, IN, OH)",Female,50-64,Associate's degree,White,,Married,Other,Seldom,,,Moderate,2 people,Retired
987,"South (TX, OK, AR, LA, KY, TN, MS, AL, WV, DC, MD, DE, VA, NC, SC, GA, FL)",Male,30-49,"Some college, no degree",White,,Never been married,Protestant,Once or twice a month,Republican,,Conservative,2 people,Unemployed
989,"Midwest (ND, SD, NE, KS, MN, IA, MO, WI, IL, MI, IN, OH)",Male,30-49,"Some college, no degree",White,"Yes, a citizen of the United States",Separated,Other,A few times a year,Independent,,Very liberal,2 people,Full-time employment
991,"West (WA, OR, ID, MT, WY, CA, NV, UT, CO, AZ, NM)",Female,50-64,"Some college, no degree",Asian,"Yes, a citizen of the United States",Married,Roman Catholic,Seldom,,,Liberal,3 people,Part-time employment
993,"South (TX, OK, AR, LA, KY, TN, MS, AL, WV, DC, MD, DE, VA, NC, SC, GA, FL)",Female,65+,Postgraduate,White,,Married,Roman Catholic,More than once a week,,,Conservative,4 people,Full-time employment
997,"Midwest (ND, SD, NE, KS, MN, IA, MO, WI, IL, MI, IN, OH)",Female,50-64,College graduate/some postgrad,White,,Divorced,Nothing in particular,Never,Democrat,,Moderate,1 person,Full-time employment
998,"West (WA, OR, ID, MT, WY, CA, NV, UT, CO, AZ, NM)",Male,65+,College graduate/some postgrad,White,"Yes, a citizen of the United States",Married,Atheist,Never,Democrat,,Liberal,2 people,Full-time employment
1000,"South (TX, OK, AR, LA, KY, TN, MS, AL, WV, DC, MD, DE, VA, NC, SC, GA, FL)",Female,30-49,College graduate/some postgrad,White,"Yes, a citizen of the United States",Married,Protestant,More than once a week,Republican,,Very conservative,More than 4,Full-time employment
1001,"South (TX, OK, AR, LA, KY, TN, MS, AL, WV, DC, MD, DE, VA, NC, SC, GA, FL)",Male,50-64,College graduate/some postgrad,Other,,Never been married,Other,A few times a year,Independent,"\$100,000 or more",Moderate,1,Self-employed
1002,"South (TX, OK, AR, LA, KY, TN, MS, AL, WV, DC, MD, DE, VA, NC, SC, GA, FL)",Female,30-49,Postgraduate,White,"Yes, a citizen of the United States",Married,Other,Seldom,,,Moderate,4,Unemployed
1004,"South (TX, OK, AR, LA, KY, TN, MS, AL, WV, DC, MD, DE, VA, NC, SC, GA, FL)",Male,50-64,College graduate/some postgrad,White,,Married,Protestant,A few times a year,Something else,,Very conservative,2,Self-employed
1005,"Northeast (PA, NY, NJ, RI, CT, MA, VT, NH, ME)",Female,18-29,"Some college, no degree",Asian,,Never been married,Other,Seldom,Democrat,,Liberal,More than 4,Part-time employment
1007,"South (TX, OK, AR, LA, KY, TN, MS, AL, WV, DC, MD, DE, VA, NC, SC, GA, FL)",Female,30-49,Associate's degree,White,"Yes, a citizen of the United States",,Protestant,Once a week,,,Moderate,3 people,Part-time employment
1008,"Midwest (ND, SD, NE, KS, MN, IA, MO, WI, IL, MI, IN, OH)",Female,50-64,"Some college, no degree",Hispanic,"Yes, a citizen of the United States",Married,Nothing in particular,Never,Democrat,,Liberal,4 people,Full-time employment
1011,"Northeast (PA, NY, NJ, RI, CT, MA, VT, NH, ME)",Female,18-29,Postgraduate,White,"Yes, a citizen of the United States",Never been married,Protestant,Once a week,Democrat,,Liberal,3 people,Full-time employment
1012,"West (WA, OR, ID, MT, WY, CA, NV, UT, CO, AZ, NM)",Male,30-49,College graduate/some postgrad,Asian,"Yes, a citizen of the United States",Never been married,Buddhist,Seldom,,,Liberal,4,Unemployed
1013,"Midwest (ND, SD, NE, KS, MN, IA, MO, WI, IL, MI, IN, OH)",Female,30-49,College graduate/some postgrad,Other,,Never been married,Nothing in particular,Never,Independent,,Very liberal,1 person,Full-time employment
1014,"South (TX, OK, AR, LA, KY, TN, MS, AL, WV, DC, MD, DE, VA, NC, SC, GA, FL)",Female,30-49,"Some college, no degree",White,"Yes, a citizen of the United States",,Protestant,Seldom,Democrat,"$50,000-$75,000",Liberal,1 person,Full-time employment
1015,"South (TX, OK, AR, LA, KY, TN, MS, AL, WV, DC, MD, DE, VA, NC, SC, GA, FL)",Female,18-29,"Some college, no degree",White,,Never been married,Roman Catholic,A few times a year,Independent,,Very liberal,3 people,Unemployed
1016,"South (TX, OK, AR, LA, KY, TN, MS, AL, WV, DC, MD, DE, VA, NC, SC, GA, FL)",Female,30-49,Associate's degree,White,"Yes, a citizen of the United States",Divorced,Protestant,Once a week,,,Very conservative,2 people,Self-employed
1019,"Midwest (ND, SD, NE, KS, MN, IA, MO, WI, IL, MI, IN, OH)",Male,30-49,"Some college, no degree",White,,Married,Protestant,Once a week,,,Conservative,More than 4,Full-time employment
1020,"South (TX, OK, AR, LA, KY, TN, MS, AL, WV, DC, MD, DE, VA, NC, SC, GA, FL)",Female,50-64,Associate's degree,White,"Yes, a citizen of the United States",,Roman Catholic,A few times a year,,,Moderate,4 people,Full-time employment
1021,"South (TX, OK, AR, LA, KY, TN, MS, AL, WV, DC, MD, DE, VA, NC, SC, GA, FL)",Male,18-29,High school graduate,Hispanic,"Yes, a citizen of the United States",Never been married,Atheist,Never,,,Moderate,3 people,Unemployed
1023,"South (TX, OK, AR, LA, KY, TN, MS, AL, WV, DC, MD, DE, VA, NC, SC, GA, FL)",Female,30-49,College graduate/some postgrad,White,,Widowed,Agnostic,Seldom,,,Moderate,2,Self-employed
1024,"West (WA, OR, ID, MT, WY, CA, NV, UT, CO, AZ, NM)",Female,50-64,College graduate/some postgrad,Hispanic,"Yes, a citizen of the United States",Married,Other,Once a week,Democrat,"\$100,000 or more",Moderate,4,Full-time employment
1025,"South (TX, OK, AR, LA, KY, TN, MS, AL, WV, DC, MD, DE, VA, NC, SC, GA, FL)",Male,18-29,High school graduate,Black,"Yes, a citizen of the United States",Never been married,Atheist,Never,,,Very liberal,4 people,Unemployed
1026,"Lives in the South (TX, OK, AR, LA, KY, TN, MS, AL, WV, DC, MD, DE, VA, NC, SC, GA, FL)",Female,50-64,"Some college, no degree",Black,"Yes, a citizen of the United States",Married,Protestant,More than once a week,Democrat,,Very conservative,2 people,Part-time employment
1028,"South (TX, OK, AR, LA, KY, TN, MS, AL, WV, DC, MD, DE, VA, NC, SC, GA, FL)",Male,30-49,College graduate/some postgrad,White,"Yes, a citizen of the United States",Never been married,Nothing in particular,Never,Independent,,Conservative,1 person,Full-time employment
1029,"South (TX, OK, AR, LA, KY, TN, MS, AL, WV, DC, MD, DE, VA, NC, SC, GA, FL)",Female,65+,College graduate/some postgrad,Hispanic,Yes,Divorced,Roman Catholic,A few times a year,Democrat,,Liberal,1,Retired
1032,"South (TX, OK, AR, LA, KY, TN, MS, AL, WV, DC, MD, DE, VA, NC, SC, GA, FL)",Male,18-29,"Some college, no degree",White,,Never been married,Roman Catholic,Seldom,Independent,,Liberal,2,Student
1033,"South (TX, OK, AR, LA, KY, TN, MS, AL, WV, DC, MD, DE, VA, NC, SC, GA, FL)",Male,50-64,High school graduate,White,,Married,Protestant,Seldom,,,Conservative,3,Retired
1034,"South (TX, OK, AR, LA, KY, TN, MS, AL, WV, DC, MD, DE, VA, NC, SC, GA, FL)",Female,18-29,"Some college, no degree",White,,,Other,Once or twice a month,Republican,,Conservative,4,Student
1035,"Northeast (PA, NY, NJ, RI, CT, MA, VT, NH, ME)",Female,18-29,High school graduate,White,"Yes, a citizen of the United States",Never been married,Other,Seldom,,,Liberal,3 people,Student
1036,"West (WA, OR, ID, MT, WY, CA, NV, UT, CO, AZ, NM)",Female,30-49,"Some college, no degree",White,"Yes, a citizen of the United States",Married,Protestant,Once a week,Democrat,,Liberal,More than 4,Part-time employment
1037,"South (TX, OK, AR, LA, KY, TN, MS, AL, WV, DC, MD, DE, VA, NC, SC, GA, FL)",Male,18-29,College graduate/some postgrad,White,"Yes, a citizen of the United States",Never been married,Roman Catholic,Seldom,,,Conservative,3,Self-employed
1042,"South (TX, OK, AR, LA, KY, TN, MS, AL, WV, DC, MD, DE, VA, NC, SC, GA, FL)",Female,65+,High school graduate,White,"Yes, a citizen of the United States",Widowed,Roman Catholic,Once a week,Republican,"\$30,000-\$50,000",Very conservative,3 people,Retired
1043,"West (WA, OR, ID, MT, WY, CA, NV, UT, CO, AZ, NM)",Female,50-64,College graduate/some postgrad,White,,,Roman Catholic,Once a week,Republican,,Conservative,2,Full-time employment
1044,"Lives in the South (TX, OK, AR, LA, KY, TN, MS, AL, WV, DC, MD, DE, VA, NC, SC, GA, FL)",Female,18-29,College graduate/some postgrad,White,"Yes, a citizen of the United States",,Protestant,Seldom,Republican,,Conservative,3 people,Full-time employment
1046,"West (WA, OR, ID, MT, WY, CA, NV, UT, CO, AZ, NM)",Female,18-29,High school graduate,White,"Yes, a citizen of the United States",Divorced,Nothing in particular,Never,,,Very liberal,3 people,Retired
1047,"Midwest (ND, SD, NE, KS, MN, IA, MO, WI, IL, MI, IN, OH)",Male,18-29,Associate's degree,White,"Yes, a citizen of the United States",,Atheist,Never,Democrat,,Liberal,2 people,Full-time employment
1048,"West (WA, OR, ID, MT, WY, CA, NV, UT, CO, AZ, NM)",Female,30-49,Associate's degree,White,"Yes, a citizen of the United States",Married,Protestant,Once or twice a month,,,Moderate,More than 4,Part-time employment
1050,"Northeast (PA, NY, NJ, RI, CT, MA, VT, NH, ME)",Male,30-49,High school graduate,White,,Never been married,Nothing in particular,Never,,,Moderate,More than 4,Part-time employment
1051,"South (TX, OK, AR, LA, KY, TN, MS, AL, WV, DC, MD, DE, VA, NC, SC, GA, FL)",Female,50-64,College graduate/some postgrad,Other,,Married,Agnostic,Never,,,Liberal,4,Full-time employment
1057,"West (WA, OR, ID, MT, WY, CA, NV, UT, CO, AZ, NM)",Male,50-64,College graduate/some postgrad,White,"Yes, a citizen of the United States",Married,Atheist,Never,,,Liberal,4 people,Full-time employment
1058,"Midwest (ND, SD, NE, KS, MN, IA, MO, WI, IL, MI, IN, OH)",Female,30-49,"Some college, no degree",White,,,Nothing in particular,Never,Democrat,,Moderate,More than 4,Full-time employment
1059,"South (TX, OK, AR, LA, KY, TN, MS, AL, WV, DC, MD, DE, VA, NC, SC, GA, FL)",Female,30-49,Associate's degree,Hispanic,"Yes, a citizen of the United States",,Roman Catholic,Seldom,,,Conservative,4 people,Full-time employment
1060,"Midwest (ND, SD, NE, KS, MN, IA, MO, WI, IL, MI, IN, OH)",Female,18-29,College graduate/some postgrad,White,"Yes, a citizen of the United States",Never been married,Jewish,Seldom,Democrat,"Less than $30,000",Very liberal,1 person,Part-time employment
1061,"South (TX, OK, AR, LA, KY, TN, MS, AL, WV, DC, MD, DE, VA, NC, SC, GA, FL)",Female,30-49,"Some college, no degree",White,,Married,Agnostic,Never,,,Moderate,3,Unemployed
1063,"South (TX, OK, AR, LA, KY, TN, MS, AL, WV, DC, MD, DE, VA, NC, SC, GA, FL)",Male,30-49,Associate's degree,Black,,,Atheist,Never,Republican,,Liberal,3,Full-time employment
1064,"South (TX, OK, AR, LA, KY, TN, MS, AL, WV, DC, MD, DE, VA, NC, SC, GA, FL)",Male,50-64,Associate's degree,White,"Yes, a citizen of the United States",Married,Other,Seldom,,,Very liberal,3 people,Unemployed
1065,"Northeast (PA, NY, NJ, RI, CT, MA, VT, NH, ME)",Male,50-64,Postgraduate,Other,,Married,Agnostic,Never,Democrat,,Liberal,4,Full-time employment
1069,"Northeast (PA, NY, NJ, RI, CT, MA, VT, NH, ME)",Female,18-29,College graduate/some postgrad,White,"Yes, a citizen of the United States",Never been married,Agnostic,Seldom,,,Very liberal,2 people,Unemployed
1070,"South (TX, OK, AR, LA, KY, TN, MS, AL, WV, DC, MD, DE, VA, NC, SC, GA, FL)",Male,50-64,"Some college, no degree",White,,Divorced,Roman Catholic,Never,Republican,,Conservative,1 person,Part-time employment
1072,"Northeast (PA, NY, NJ, RI, CT, MA, VT, NH, ME)",Female,30-49,College graduate/some postgrad,Hispanic,"Yes, a citizen of the United States",Never been married,Nothing in particular,Never,,,Liberal,1 person,Unemployed
1073,"South (TX, OK, AR, LA, KY, TN, MS, AL, WV, DC, MD, DE, VA, NC, SC, GA, FL)",Female,18-29,High school graduate,White,"Yes, a citizen of the United States",Never been married,Nothing in particular,Never,,,Very liberal,3 people,Unemployed
1074,"South (TX, OK, AR, LA, KY, TN, MS, AL, WV, DC, MD, DE, VA, NC, SC, GA, FL)",Female,18-29,College graduate/some postgrad,White,,,Agnostic,Never,,,Very liberal,2,Full-time employment
1075,"Northeast (PA, NY, NJ, RI, CT, MA, VT, NH, ME)",Female,65+,College graduate/some postgrad,White,,Married,Other,Never,Democrat,,Very liberal,2,Retired
1078,"South (TX, OK, AR, LA, KY, TN, MS, AL, WV, DC, MD, DE, VA, NC, SC, GA, FL)",Male,18-29,College graduate/some postgrad,Black,"Yes, a citizen of the United States",Never been married,Other,Once a week,,,Moderate,More than 4,Unemployed
1081,"Northeast (PA, NY, NJ, RI, CT, MA, VT, NH, ME)",Male,30-49,High school graduate,White,"Yes, a citizen of the United States",Married,Atheist,Seldom,,,Liberal,2 people,Full-time employment
1082,"Midwest (ND, SD, NE, KS, MN, IA, MO, WI, IL, MI, IN, OH)",Female,30-49,"Some college, no degree",White,"Yes, a citizen of the United States",,Other,Seldom,Republican,,Conservative,3 people,Full-time employment
1083,"Northeast (PA, NY, NJ, RI, CT, MA, VT, NH, ME)",Female,18-29,College graduate/some postgrad,Black,"Yes, a citizen of the United States",Never been married,Protestant,Never,Independent,"Less than $30,000",Conservative,3 people,Unemployed
1085,"West (WA, OR, ID, MT, WY, CA, NV, UT, CO, AZ, NM)",Female,65+,Postgraduate,White,,Divorced,Other,Seldom,,,Liberal,1,Part-time employment
1086,"Northeast (PA, NY, NJ, RI, CT, MA, VT, NH, ME)",Male,65+,Postgraduate,White,,Married,Roman Catholic,Seldom,Democrat,,Liberal,2,Retired
1087,"Midwest (ND, SD, NE, KS, MN, IA, MO, WI, IL, MI, IN, OH)",Female,30-49,College graduate/some postgrad,White,,Married,Agnostic,Never,Independent,,Liberal,4,Part-time employment
1090,"West (WA, OR, ID, MT, WY, CA, NV, UT, CO, AZ, NM)",Male,30-49,"Some college, no degree",White,,,Roman Catholic,Seldom,Republican,,Conservative,1 person,Unemployed
1095,"Midwest (ND, SD, NE, KS, MN, IA, MO, WI, IL, MI, IN, OH)",Female,30-49,High school graduate,White,"Yes, a citizen of the United States",Never been married,Nothing in particular,Never,Independent,"Less than $30,000",Moderate,2 people,Unemployed
1096,"West (WA, OR, ID, MT, WY, CA, NV, UT, CO, AZ, NM)",Female,30-49,Postgraduate,White,"Yes, a citizen of the United States",Married,Mormon,More than once a week,Republican,"\$100,000 or more",Moderate,More than 4,Part-time employment
1099,"West (WA, OR, ID, MT, WY, CA, NV, UT, CO, AZ, NM)",Female,18-29,College graduate/some postgrad,Asian,"Yes, a citizen of the United States",,Nothing in particular,Never,,,Very liberal,2 people,Unemployed
1101,"West (WA, OR, ID, MT, WY, CA, NV, UT, CO, AZ, NM)",Female,30-49,College graduate/some postgrad,Asian,"Yes, a citizen of the United States",Never been married,Atheist,Never,Democrat,"\$100,000 or more",Liberal,4,Full-time employment
1102,"Midwest (ND, SD, NE, KS, MN, IA, MO, WI, IL, MI, IN, OH)",Male,18-29,College graduate/some postgrad,Asian,"Yes, a citizen of the United States",Never been married,Agnostic,Never,,,Moderate,3 people,Full-time employment
1105,"Midwest (ND, SD, NE, KS, MN, IA, MO, WI, IL, MI, IN, OH)",Female,30-49,Postgraduate,White,"Yes, a citizen of the United States",Married,Atheist,Never,Democrat,,Very liberal,3 people,Full-time employment
1107,"South (TX, OK, AR, LA, KY, TN, MS, AL, WV, DC, MD, DE, VA, NC, SC, GA, FL)",Female,30-49,"Some college, no degree",White,"Yes, a citizen of the United States",Married,Atheist,Never,Democrat,,Liberal,4 people,Home-maker
1110,"Midwest (ND, SD, NE, KS, MN, IA, MO, WI, IL, MI, IN, OH)",Female,30-49,"Some college, no degree",Black,"Yes, a citizen of the United States",Married,Nothing in particular,A few times a year,,,Moderate,3 people,Part-time employment
1112,"Midwest (ND, SD, NE, KS, MN, IA, MO, WI, IL, MI, IN, OH)",Female,50-64,College graduate/some postgrad,White,"Yes, a citizen of the United States",Married,Nothing in particular,Seldom,Democrat,,Liberal,2 people,Unemployed
1113,"South (TX, OK, AR, LA, KY, TN, MS, AL, WV, DC, MD, DE, VA, NC, SC, GA, FL)",Male,18-29,"Some college, no degree",Asian,"Yes, a citizen of the United States",Never been married,Roman Catholic,Once a week,,,Conservative,1 person,Part-time employment
1114,"Northeast (PA, NY, NJ, RI, CT, MA, VT, NH, ME)",Male,18-29,High school graduate,White,"Yes, a citizen of the United States",Never been married,Nothing in particular,Seldom,Republican,"\$100,000 or more",Conservative,4 people,Self-employed
1118,"West (WA, OR, ID, MT, WY, CA, NV, UT, CO, AZ, NM)",Male,18-29,College graduate/some postgrad,Black,"Yes, a citizen of the United States",Never been married,Nothing in particular,Never,Democrat,"Less than $30,000",Very liberal,1 person,Part-time employment
1119,"West (WA, OR, ID, MT, WY, CA, NV, UT, CO, AZ, NM)",Female,50-64,College graduate/some postgrad,Asian,"Yes, a citizen of the United States",Married,Nothing in particular,Never,,,Moderate,More than 4,Part-time employment
1120,"South (TX, OK, AR, LA, KY, TN, MS, AL, WV, DC, MD, DE, VA, NC, SC, GA, FL)",Female,50-64,High school graduate,White,,Married,Nothing in particular,A few times a year,Republican,,Conservative,2,Full-time employment
1122,"Northeast (PA, NY, NJ, RI, CT, MA, VT, NH, ME)",Female,30-49,College graduate/some postgrad,White,"Yes, a citizen of the United States",Never been married,Atheist,Never,Democrat,"\$100,000 or more",Very liberal,1 person,Full-time employment
1125,"Northeast (PA, NY, NJ, RI, CT, MA, VT, NH, ME)",Female,30-49,College graduate/some postgrad,White,,Married,Nothing in particular,Never,Democrat,,Liberal,2,Full-time employment
1127,"Midwest (ND, SD, NE, KS, MN, IA, MO, WI, IL, MI, IN, OH)",Female,18-29,College graduate/some postgrad,White,,Never been married,Protestant,Once or twice a month,,,Liberal,4,Full-time employment
1130,"South (TX, OK, AR, LA, KY, TN, MS, AL, WV, DC, MD, DE, VA, NC, SC, GA, FL)",Male,18-29,College graduate/some postgrad,Hispanic,"Yes, a citizen of the United States",Never been married,Nothing in particular,Seldom,Independent,"Less than $30,000",Moderate,3 people,Part-time employment
1131,"South (TX, OK, AR, LA, KY, TN, MS, AL, WV, DC, MD, DE, VA, NC, SC, GA, FL)",Female,50-64,"Some college, no degree",White,,,Agnostic,Never,,,Very liberal,3,Full-time employment
1132,"Northeast (PA, NY, NJ, RI, CT, MA, VT, NH, ME)",Female,50-64,Postgraduate,White,"Yes, a citizen of the United States",Married,Protestant,Seldom,,,Liberal,2 people,Self-employed
1134,"South (TX, OK, AR, LA, KY, TN, MS, AL, WV, DC, MD, DE, VA, NC, SC, GA, FL)",Female,30-49,College graduate/some postgrad,White,,Married,Protestant,Once a week,Republican,,Very conservative,2,Full-time employment
1136,"South (TX, OK, AR, LA, KY, TN, MS, AL, WV, DC, MD, DE, VA, NC, SC, GA, FL)",Female,30-49,High school graduate,Black,"Yes, a citizen of the United States",Married,Roman Catholic,Seldom,Democrat,,Moderate,3 people,Home-maker
1137,"South (TX, OK, AR, LA, KY, TN, MS, AL, WV, DC, MD, DE, VA, NC, SC, GA, FL)",Female,50-64,College graduate/some postgrad,Black,Yes,Never been married,Nothing in particular,Seldom,Democrat,,Liberal,3,Full-time employment
1138,"Northeast (PA, NY, NJ, RI, CT, MA, VT, NH, ME)",Male,65+,High school graduate,White,,Married,Roman Catholic,Never,,,Liberal,2,Retired
1140,"South (TX, OK, AR, LA, KY, TN, MS, AL, WV, DC, MD, DE, VA, NC, SC, GA, FL)",Male,30-49,Associate's degree,Asian,"Yes, a citizen of the United States",Never been married,Atheist,Never,,,Moderate,2 people,Student
1141,"Midwest (ND, SD, NE, KS, MN, IA, MO, WI, IL, MI, IN, OH)",Female,18-29,Postgraduate,White,"Yes, a citizen of the United States",Married,Protestant,Once a week,,,Liberal,3 people,Full-time employment
1142,"Northeast (PA, NY, NJ, RI, CT, MA, VT, NH, ME)",Male,30-49,Associate's degree,White,"Yes, a citizen of the United States",Never been married,Agnostic,Seldom,Democrat,"Less than $30,000",Very liberal,3 people,Self-employed
1143,"West (WA, OR, ID, MT, WY, CA, NV, UT, CO, AZ, NM)",Male,18-29,College graduate/some postgrad,Black,"Yes, a citizen of the United States",Never been married,Protestant,More than once a week,Republican,,Liberal,3 people,Full-time employment
1144,"Northeast (PA, NY, NJ, RI, CT, MA, VT, NH, ME)",Female,65+,High school graduate,White,,Divorced,Other,Once a week,,,Moderate,1 person,Retired
1146,"Northeast (PA, NY, NJ, RI, CT, MA, VT, NH, ME)",Female,18-29,College graduate/some postgrad,White,,Never been married,Protestant,Once or twice a month,Democrat,,Very liberal,1 person,Unemployed
1147,"Midwest (ND, SD, NE, KS, MN, IA, MO, WI, IL, MI, IN, OH)",Female,30-49,"Some college, no degree",White,"Yes, a citizen of the United States",,Agnostic,Never,Democrat,,Very liberal,3 people,Full-time employment
1149,"South (TX, OK, AR, LA, KY, TN, MS, AL, WV, DC, MD, DE, VA, NC, SC, GA, FL)",Female,18-29,Associate's degree,Other,"Yes, a citizen of the United States",,Other,Once or twice a month,,,Moderate,3 people,Full-time employment
1150,"South (TX, OK, AR, LA, KY, TN, MS, AL, WV, DC, MD, DE, VA, NC, SC, GA, FL)",Male,18-29,High school graduate,White,"Yes, a citizen of the United States",Never been married,Protestant,Once a week,,,Moderate,More than 4 people,Unemployed
1151,"South (TX, OK, AR, LA, KY, TN, MS, AL, WV, DC, MD, DE, VA, NC, SC, GA, FL)",Female,50-64,College graduate/some postgrad,White,,Married,Protestant,A few times a year,Republican,,Conservative,2,Part-time employment
1154,"Northeast (PA, NY, NJ, RI, CT, MA, VT, NH, ME)",Male,65+,Postgraduate,White,"Yes, a citizen of the United States",Married,Protestant,Once a week,Republican,"\$100,000 or more",Very conservative,More than 4,Part-time employment
1156,"Northeast (PA, NY, NJ, RI, CT, MA, VT, NH, ME)",Male,50-64,Postgraduate,White,,Never been married,Other,Seldom,Democrat,,Very liberal,1,Full-time employment
1157,"Northeast (PA, NY, NJ, RI, CT, MA, VT, NH, ME)",Female,30-49,Associate's degree,White,"Yes, a citizen of the United States",Married,Agnostic,Never,,,Liberal,2 people,Self-employed
1159,"South (TX, OK, AR, LA, KY, TN, MS, AL, WV, DC, MD, DE, VA, NC, SC, GA, FL)",Male,18-29,"Some college, no degree",Black,"Yes, a citizen of the United States",Never been married,Other,Seldom,Republican,,Conservative,More than 4,Full-time employment
1160,"Midwest (ND, SD, NE, KS, MN, IA, MO, WI, IL, MI, IN, OH)",Female,18-29,"Some college, no degree",Other,,Married,Muslim,Once a week,Democrat,,Moderate,4,Full-time employment
1163,"South (TX, OK, AR, LA, KY, TN, MS, AL, WV, DC, MD, DE, VA, NC, SC, GA, FL)",Female,30-49,"Some college, no degree",White,,Never been married,Protestant,Never,Democrat,,Moderate,3,Full-time employment
1164,"South (TX, OK, AR, LA, KY, TN, MS, AL, WV, DC, MD, DE, VA, NC, SC, GA, FL)",Female,18-29,"Some college, no degree",Black,,Never been married,Roman Catholic,A few times a year,Democrat,,Liberal,2,Full-time employment
1166,"South (TX, OK, AR, LA, KY, TN, MS, AL, WV, DC, MD, DE, VA, NC, SC, GA, FL)",Male,50-64,Postgraduate,White,"Yes, a citizen of the United States",Married,Roman Catholic,Once a week,Republican,,Very conservative,More than 4,Full-time employment
1169,"South (TX, OK, AR, LA, KY, TN, MS, AL, WV, DC, MD, DE, VA, NC, SC, GA, FL)",Male,65+,College graduate/some postgrad,White,,,Protestant,A few times a year,Republican,,Very conservative,4 people,Full-time employment
1171,"Midwest (ND, SD, NE, KS, MN, IA, MO, WI, IL, MI, IN, OH)",Male,30-49,"Some college, no degree",White,"Yes, a citizen of the United States",Never been married,Buddhist,Never,,,Very liberal,4 people,Self-employed
1172,"West (WA, OR, ID, MT, WY, CA, NV, UT, CO, AZ, NM)",Male,18-29,College graduate/some postgrad,,"Yes, a citizen of the United States",Married,Muslim,More than once a week,Republican,,Liberal,More than 4,Full-time employment
1175,"South (TX, OK, AR, LA, KY, TN, MS, AL, WV, DC, MD, DE, VA, NC, SC, GA, FL)",Female,30-49,College graduate/some postgrad,Hispanic,"Yes, a citizen of the United States",,Roman Catholic,A few times a year,,,Moderate,2 people,Full-time employment
1177,"West (WA, OR, ID, MT, WY, CA, NV, UT, CO, AZ, NM)",Female,30-49,College graduate/some postgrad,Black,,Married,Jewish,More than once a week,Republican,,Conservative,4,Full-time employment
1179,"Northeast (PA, NY, NJ, RI, CT, MA, VT, NH, ME)",Male,65+,Postgraduate,White,,,Orthodox,Once or twice a month,Republican,,Conservative,2 people,Part-time employment
1181,"Midwest (ND, SD, NE, KS, MN, IA, MO, WI, IL, MI, IN, OH)",Male,50-64,Postgraduate,Black,,Never been married,Other,More than once a week,,,Moderate,3,Self-employed
1183,"South (TX, OK, AR, LA, KY, TN, MS, AL, WV, DC, MD, DE, VA, NC, SC, GA, FL)",Male,50-64,College graduate/some postgrad,Other,,Married,Protestant,Once a week,Independent,,Conservative,4,Full-time employment
1185,"South (TX, OK, AR, LA, KY, TN, MS, AL, WV, DC, MD, DE, VA, NC, SC, GA, FL)",Male,30-49,College graduate/some postgrad,Black,,Married,Other,More than once a week,Republican,,Moderate,4,Full-time employment
1186,"South (TX, OK, AR, LA, KY, TN, MS, AL, WV, DC, MD, DE, VA, NC, SC, GA, FL)",Female,50-64,Associate's degree,White,"Yes, a citizen of the United States",Married,Protestant,Never,Democrat,"\$50,000-\$75,000",Liberal,More than 4,Part-time employment
1189,"South (TX, OK, AR, LA, KY, TN, MS, AL, WV, DC, MD, DE, VA, NC, SC, GA, FL)",Male,50-64,College graduate/some postgrad,White,,Never been married,Roman Catholic,A few times a year,Republican,,Conservative,1,Full-time employment
1190,"South (TX, OK, AR, LA, KY, TN, MS, AL, WV, DC, MD, DE, VA, NC, SC, GA, FL)",Female,30-49,College graduate/some postgrad,White,,Never been married,Agnostic,Seldom,Democrat,,Liberal,1 person,Self-employed
1193,"Midwest (ND, SD, NE, KS, MN, IA, MO, WI, IL, MI, IN, OH)",Male,65+,"Some college, no degree",White,,Divorced,Protestant,Once or twice a month,Republican,,Very conservative,1 person,Retired
1195,"South (TX, OK, AR, LA, KY, TN, MS, AL, WV, DC, MD, DE, VA, NC, SC, GA, FL)",Male,65+,"Some college, no degree",Black,,Separated,Roman Catholic,Once or twice a month,Republican,,Very conservative,2 people,Part-time employment
1196,"West (WA, OR, ID, MT, WY, CA, NV, UT, CO, AZ, NM)",Male,50-64,Associate's degree,Black,"Yes, a citizen of the United States",Married,Agnostic,A few times a year,Democrat,,Liberal,4 people,Full-time employment
1198,"South (TX, OK, AR, LA, KY, TN, MS, AL, WV, DC, MD, DE, VA, NC, SC, GA, FL)",Female,30-49,Associate's degree,Black,"Yes, a citizen of the United States",,Nothing in particular,Never,,,Moderate,1 person,Part-time employment
1199,"South (TX, OK, AR, LA, KY, TN, MS, AL, WV, DC, MD, DE, VA, NC, SC, GA, FL)",Female,30-49,High school graduate,Black,"Yes, a citizen of the United States",Never been married,Nothing in particular,A few times a year,Democrat,"Less than $30,000",Liberal,3 people,Unemployed
1200,"South (TX, OK, AR, LA, KY, TN, MS, AL, WV, DC, MD, DE, VA, NC, SC, GA, FL)",Female,50-64,High school graduate,Other,,,Other,Never,,,Conservative,2,Retired
1201,"South (TX, OK, AR, LA, KY, TN, MS, AL, WV, DC, MD, DE, VA, NC, SC, GA, FL)",Male,30-49,"Some college, no degree",White,,Never been married,Other,Seldom,Democrat,,Very liberal,3,Full-time employment
1202,"South (TX, OK, AR, LA, KY, TN, MS, AL, WV, DC, MD, DE, VA, NC, SC, GA, FL)",Female,30-49,College graduate/some postgrad,Other,,Married,Agnostic,Never,Democrat,,Liberal,3,Self-employed
1203,"South (TX, OK, AR, LA, KY, TN, MS, AL, WV, DC, MD, DE, VA, NC, SC, GA, FL)",Male,50-64,College graduate/some postgrad,White,,Married,Protestant,A few times a year,Democrat,,Moderate,3,Full-time employment
1204,"South (TX, OK, AR, LA, KY, TN, MS, AL, WV, DC, MD, DE, VA, NC, SC, GA, FL)",Female,50-64,High school graduate,White,"Yes, a citizen of the United States",Married,Protestant,Once a week,Republican,,Very conservative,2 people,Retired
1205,"South (TX, OK, AR, LA, KY, TN, MS, AL, WV, DC, MD, DE, VA, NC, SC, GA, FL)",Female,65+,"Some college, no degree",White,"Yes, a citizen of the United States",Widowed,Roman Catholic,Once or twice a month,Republican,"\$30,000-\$50,000",Very conservative,1 person,Retired
1207,"Lives in the South (TX, OK, AR, LA, KY, TN, MS, AL, WV, DC, MD, DE, VA, NC, SC, GA, FL).",Female.,65+.,"Some college, no degree.",White.,"Yes, a citizen of the United States.",Married.,Other.,Never attends religious services (aside from weddings and funerals).,Independent.,"\$50,000-\$75,000 per year.",Moderate.,2 people.,Retired.
1209,"West (WA, OR, ID, MT, WY, CA, NV, UT, CO, AZ, NM)",Female,30-49,College graduate/some postgrad,Hispanic,"Yes, a citizen of the United States",Never been married,Nothing in particular,Never,Something else,,Moderate,2 people,Unemployed
1212,"South (TX, OK, AR, LA, KY, TN, MS, AL, WV, DC, MD, DE, VA, NC, SC, GA, FL)",Male,65+,Postgraduate,White,,Married,Protestant,Seldom,Independent,,Moderate,2,Self-employed
1215,"Northeast (PA, NY, NJ, RI, CT, MA, VT, NH, ME)",Male,30-49,College graduate/some postgrad,Asian,"Yes, a citizen of the United States",Never been married,Agnostic,Never,Independent,"\$30,000-\$50,000",Moderate,3,Unemployed
1217,"Northeast (PA, NY, NJ, RI, CT, MA, VT, NH, ME)",Female,50-64,High school graduate,White,"Yes, a citizen of the United States",Married,Protestant,Never,,,Conservative,4 people,Part-time employment
1219,"West (WA, OR, ID, MT, WY, CA, NV, UT, CO, AZ, NM)",Female,30-49,Associate's degree,White,"Yes, a citizen of the United States",Never been married,Roman Catholic,Once a week,,,Moderate,1 person,Part-time employment
1220,"Northeast (PA, NY, NJ, RI, CT, MA, VT, NH, ME)",Male,30-49,College graduate/some postgrad,White,"Yes, a citizen of the United States",Married,Nothing in particular,Never,Republican,,Conservative,3 people,Full-time employment
1221,"Northeast (PA, NY, NJ, RI, CT, MA, VT, NH, ME)",Male,30-49,Associate's degree,Black,"Yes, a citizen of the United States",Married,Protestant,A few times a year,Democrat,,Conservative,4 people,Full-time employment
1223,"South (TX, OK, AR, LA, KY, TN, MS, AL, WV, DC, MD, DE, VA, NC, SC, GA, FL)",Male,50-64,College graduate/some postgrad,White,,Married,Protestant,Once or twice a month,Republican,,Conservative,3,Self-employed
1224,"Midwest (ND, SD, NE, KS, MN, IA, MO, WI, IL, MI, IN, OH)",Male,18-29,High school graduate,White,"Yes, a citizen of the United States",Never been married,Protestant,Once a week,Republican,,Very conservative,2 people,Unemployed
1225,"South (TX, OK, AR, LA, KY, TN, MS, AL, WV, DC, MD, DE, VA, NC, SC, GA, FL)",Male,50-64,"Some college, no degree",White,,Divorced,Jewish,More than once a week,Republican,,Conservative,2,Self-employed
1226,"South (TX, OK, AR, LA, KY, TN, MS, AL, WV, DC, MD, DE, VA, NC, SC, GA, FL)",Male,65+,Postgraduate,White,,Married,Jewish,Never,Democrat,,Liberal,2,Retired
1230,"Northeast (PA, NY, NJ, RI, CT, MA, VT, NH, ME)",Male,30-49,College graduate/some postgrad,White,,Never been married,Protestant,Seldom,Democrat,,Very liberal,3,Self-employed
1231,"South (TX, OK, AR, LA, KY, TN, MS, AL, WV, DC, MD, DE, VA, NC, SC, GA, FL)",Female,30-49,Postgraduate,Black,"Yes, a citizen of the United States",Married,Protestant,Once a week,Republican,"\$100,000 or more",Conservative,4,Full-time employment
1234,"Northeast (PA, NY, NJ, RI, CT, MA, VT, NH, ME)",Female,50-64,Postgraduate,White,,Never been married,Roman Catholic,A few times a year,Independent,,Moderate,1 person,Full-time employment
1235,"Northeast (PA, NY, NJ, RI, CT, MA, VT, NH, ME)",Female,50-64,High school graduate,White,"Yes, a citizen of the United States",Married,Roman Catholic,Seldom,Republican,"Less than $30,000",Moderate,3 people,Full-time employment
1236,"South (TX, OK, AR, LA, KY, TN, MS, AL, WV, DC, MD, DE, VA, NC, SC, GA, FL)",Male,65+,Postgraduate,Black,,Married,Protestant,Once a week,Republican,,Very conservative,More than 4,Full-time employment
1238,"South (TX, OK, AR, LA, KY, TN, MS, AL, WV, DC, MD, DE, VA, NC, SC, GA, FL)",Male,65+,Postgraduate,White,"Yes, a citizen of the United States",Divorced,Roman Catholic,Once or twice a month,Republican,,Very conservative,3 people,Full-time employment
1239,"South (TX, OK, AR, LA, KY, TN, MS, AL, WV, DC, MD, DE, VA, NC, SC, GA, FL)",Female,30-49,High school graduate,White,"Yes, a citizen of the United States",,Protestant,Once or twice a month,,,Very conservative,4 people,Full-time employment
1240,"Midwest (ND, SD, NE, KS, MN, IA, MO, WI, IL, MI, IN, OH)",Female,50-64,Associate's degree,White,,Married,Buddhist,Never,Democrat,,Liberal,2,Unemployed
1242,"South (TX, OK, AR, LA, KY, TN, MS, AL, WV, DC, MD, DE, VA, NC, SC, GA, FL)",Male,30-49,Associate's degree,White,"Yes, a citizen of the United States",Never been married,Agnostic,Never,,,Moderate,3 people,Full-time employment
1243,"South (TX, OK, AR, LA, KY, TN, MS, AL, WV, DC, MD, DE, VA, NC, SC, GA, FL)",Male,30-49,College graduate/some postgrad,Hispanic,,Married,Protestant,Once a week,Independent,,Moderate,4,Full-time employment
1245,"South (TX, OK, AR, LA, KY, TN, MS, AL, WV, DC, MD, DE, VA, NC, SC, GA, FL)",Male,18-29,"Some college, no degree",Asian,"Yes, a citizen of the United States",Never been married,Buddhist,A few times a year,Democrat,,Moderate,More than 4,Student
1247,"Northeast (PA, NY, NJ, RI, CT, MA, VT, NH, ME)",Male,65+,Postgraduate,White,"Yes, a citizen of the United States",Married,Jewish,Never,,,Liberal,2 people,Retired
1249,"South (TX, OK, AR, LA, KY, TN, MS, AL, WV, DC, MD, DE, VA, NC, SC, GA, FL)",Male,65+,College graduate/some postgrad,White,,Married,Roman Catholic,Seldom,Democrat,"$100,000 or more",Liberal,2,Retired
1251,"South (TX, OK, AR, LA, KY, TN, MS, AL, WV, DC, MD, DE, VA, NC, SC, GA, FL)",Female,18-29,Associate's degree,White,"Yes, a citizen of the United States",,Roman Catholic,More than once a week,,,Very conservative,3 people,Full-time employment
1252,"South (TX, OK, AR, LA, KY, TN, MS, AL, WV, DC, MD, DE, VA, NC, SC, GA, FL)",Male,65+,"Some college, no degree",White,"Yes, a citizen of the United States",Divorced,Atheist,Never,Democrat,"Less than $30,000",Liberal,1 person,Retired
1255,"Northeast (PA, NY, NJ, RI, CT, MA, VT, NH, ME)",Male,65+,"Some college, no degree",White,,,Roman Catholic,A few times a year,,,Liberal,2 people,Full-time employment
1257,"South (TX, OK, AR, LA, KY, TN, MS, AL, WV, DC, MD, DE, VA, NC, SC, GA, FL)",Female,50-64,"Some college, no degree",White,"Yes, a citizen of the United States",Married,Protestant,Seldom,Independent,,Liberal,More than 4,Part-time employment
1259,"South (TX, OK, AR, LA, KY, TN, MS, AL, WV, DC, MD, DE, VA, NC, SC, GA, FL)",Female,30-49,College graduate/some postgrad,Black,"Yes, a citizen of the United States",Married,Other,Never,,,Moderate,4 people,Part-time employment
1260,"Northeast (PA, NY, NJ, RI, CT, MA, VT, NH, ME)",Male,18-29,Postgraduate,White,"Yes, a citizen of the United States",,Atheist,Never,Democrat,"\$30,000-\$50,000",Very liberal,2 people,Full-time employment
1262,"South (TX, OK, AR, LA, KY, TN, MS, AL, WV, DC, MD, DE, VA, NC, SC, GA, FL)",Male,18-29,"Some college, no degree",Black,"Yes, a citizen of the United States",Never been married,Agnostic,Never,Independent,,Moderate,2 people,Self-employed
1266,"South (TX, OK, AR, LA, KY, TN, MS, AL, WV, DC, MD, DE, VA, NC, SC, GA, FL)",Female,18-29,High school graduate,Black,"Yes, a citizen of the United States",Never been married,Agnostic,Seldom,,,Very liberal,3 people,Unemployed
1267,"South (TX, OK, AR, LA, KY, TN, MS, AL, WV, DC, MD, DE, VA, NC, SC, GA, FL)",Male,30-49,High school graduate,White,"Yes, a citizen of the United States",Married,Agnostic,Never,Democrat,,Moderate,4 people,Full-time employment
1270,"South (TX, OK, AR, LA, KY, TN, MS, AL, WV, DC, MD, DE, VA, NC, SC, GA, FL)",Male,30-49,"Some college, no degree",White,"Yes, a citizen of the United States",Married,Roman Catholic,Once a week,Republican,,Conservative,3 people,Full-time employment
1276,"Northeast (PA, NY, NJ, RI, CT, MA, VT, NH, ME)",Female,65+,Associate's degree,White,"Yes, a citizen of the United States",Married,Roman Catholic,Once or twice a month,Republican,,Conservative,2 people,Retired
1278,"Midwest (ND, SD, NE, KS, MN, IA, MO, WI, IL, MI, IN, OH)",Female,65+,Postgraduate,Black,"Yes, a citizen of the United States",Never been married,Protestant,A few times a year,Democrat,"Less than $30,000",Liberal,1 person,Retired
1279,"South (TX, OK, AR, LA, KY, TN, MS, AL, WV, DC, MD, DE, VA, NC, SC, GA, FL)",Female,65+,High school graduate,White,"Yes, a citizen of the United States",Divorced,Protestant,Never,Independent,"Less than $30,000",Liberal,1 person,Retired
1282,"Northeast (PA, NY, NJ, RI, CT, MA, VT, NH, ME)",Female,65+,Postgraduate,White,Yes,Widowed,Protestant,Once a week,Democrat,,Liberal,1,Retired
1283,"Midwest (ND, SD, NE, KS, MN, IA, MO, WI, IL, MI, IN, OH)",Female,50-64,College graduate/some postgrad,Other,,Never been married,Protestant,Once a week,Independent,,Conservative,2,Unemployed
1285,"South (TX, OK, AR, LA, KY, TN, MS, AL, WV, DC, MD, DE, VA, NC, SC, GA, FL)",Male,50-64,"Some college, no degree",White,,Never been married,Agnostic,Never,Democrat,,Liberal,1 person,Unemployed
1286,"Midwest (ND, SD, NE, KS, MN, IA, MO, WI, IL, MI, IN, OH)",Male,18-29,"Some college, no degree",Hispanic,,Never been married,Nothing in particular,Never,Democrat,,Conservative,4,Full-time employment
1287,"Midwest (ND, SD, NE, KS, MN, IA, MO, WI, IL, MI, IN, OH)",Male,65+,High school graduate,White,,Divorced,Other,Never,,,Liberal,1,Retired
1288,"South (TX, OK, AR, LA, KY, TN, MS, AL, WV, DC, MD, DE, VA, NC, SC, GA, FL)",Male,65+,Postgraduate,White,,Married,Protestant,Once a week,Republican,,Very conservative,2,Retired
1290,"South (TX, OK, AR, LA, KY, TN, MS, AL, WV, DC, MD, DE, VA, NC, SC, GA, FL)",Female,50-64,Associate's degree,White,"Yes, a citizen of the United States",Married,Protestant,Seldom,,,Moderate,2 people,Self-employed
1291,"Midwest (ND, SD, NE, KS, MN, IA, MO, WI, IL, MI, IN, OH)",Male,50-64,College graduate/some postgrad,White,,,Orthodox,A few times a year,Independent,,Moderate,2,Full-time employment
1298,"Midwest (ND, SD, NE, KS, MN, IA, MO, WI, IL, MI, IN, OH)",Female,50-64,Postgraduate,White,"Yes, a citizen of the United States",Married,Protestant,More than once a week,,,Conservative,More than 4,Full-time employment
1305,"Northeast (PA, NY, NJ, RI, CT, MA, VT, NH, ME)",Male,50-64,College graduate/some postgrad,Black,,Divorced,Roman Catholic,A few times a year,Democrat,,Liberal,3,Full-time employment
1306,"Northeast (PA, NY, NJ, RI, CT, MA, VT, NH, ME)",Female,65+,College graduate/some postgrad,Black,"Yes, a citizen of the United States",,Nothing in particular,Seldom,Democrat,"\$30,000-\$50,000",Liberal,2 people,Retired
1307,"Midwest (ND, SD, NE, KS, MN, IA, MO, WI, IL, MI, IN, OH)",Male,65+,Postgraduate,White,,Married,Protestant,Once or twice a month,Democrat,,Liberal,2 people,Retired
1309,"South (TX, OK, AR, LA, KY, TN, MS, AL, WV, DC, MD, DE, VA, NC, SC, GA, FL)",Female,65+,Associate's degree,White,"Yes, a citizen of the United States",Married,Other,Once a week,,,Conservative,4 people,Self-employed
1310,"South (TX, OK, AR, LA, KY, TN, MS, AL, WV, DC, MD, DE, VA, NC, SC, GA, FL)",Male,65+,Associate's degree,White,"Yes, a citizen of the United States",Married,Protestant,Seldom,Republican,,Very conservative,2,Retired
1311,"Northeast (PA, NY, NJ, RI, CT, MA, VT, NH, ME)",Female,50-64,College graduate/some postgrad,Asian,"Yes, a citizen of the United States",Married,Buddhist,A few times a year,,,Moderate,2 people,Full-time employment
1313,"South (TX, OK, AR, LA, KY, TN, MS, AL, WV, DC, MD, DE, VA, NC, SC, GA, FL)",Male,30-49,High school graduate,Hispanic,"Yes, a citizen of the United States",,Other,Never,,,Very liberal,2 people,Unemployed
1315,"Northeast (PA, NY, NJ, RI, CT, MA, VT, NH, ME)",Male,50-64,Associate's degree,White,"Yes, a citizen of the United States",Married,Roman Catholic,A few times a year,Republican,,Conservative,2 people,Full-time employment
1317,"West (WA, OR, ID, MT, WY, CA, NV, UT, CO, AZ, NM)",Female,65+,Postgraduate,White,"Yes, a citizen of the United States",,Roman Catholic,Once a week,,,Very liberal,2 people,Full-time employment
1318,"Midwest (ND, SD, NE, KS, MN, IA, MO, WI, IL, MI, IN, OH)",Female,30-49,College graduate/some postgrad,White,,,Nothing in particular,A few times a year,,,Moderate,2,Full-time employment
1320,"Northeast (PA, NY, NJ, RI, CT, MA, VT, NH, ME)",Female,30-49,College graduate/some postgrad,Hispanic,"Yes, a citizen of the United States",Never been married,Atheist,Never,Republican,,Conservative,1 person,Full-time employment
1322,"South (TX, OK, AR, LA, KY, TN, MS, AL, WV, DC, MD, DE, VA, NC, SC, GA, FL)",Female,50-64,College graduate/some postgrad,Black,,Married,Protestant,Once a week,,,Conservative,2,Self-employed
1323,"South (TX, OK, AR, LA, KY, TN, MS, AL, WV, DC, MD, DE, VA, NC, SC, GA, FL)",Male,50-64,Postgraduate,Black,"Yes, a citizen of the United States",,Agnostic,Never,,,Liberal,3 people,Full-time employment
1325,"West (WA, OR, ID, MT, WY, CA, NV, UT, CO, AZ, NM)",Male,18-29,College graduate/some postgrad,White,"Yes, a citizen of the United States",Married,Protestant,A few times a year,Republican,,Conservative,4,Part-time employment
1326,"Northeast (PA, NY, NJ, RI, CT, MA, VT, NH, ME)",Male,30-49,College graduate/some postgrad,White,"Yes, a citizen of the United States",Married,Agnostic,Never,Democrat,,Liberal,3 people,Full-time employment
1328,"Northeast (PA, NY, NJ, RI, CT, MA, VT, NH, ME)",Male,30-49,Postgraduate,White,,Never been married,Agnostic,Never,Democrat,,Liberal,2,Full-time employment
1329,"South (TX, OK, AR, LA, KY, TN, MS, AL, WV, DC, MD, DE, VA, NC, SC, GA, FL)",Male,18-29,High school graduate,Hispanic,"Yes, a citizen of the United States",,Agnostic,Never,Democrat,,Liberal,More than 4,Full-time employment
1333,"Northeast (PA, NY, NJ, RI, CT, MA, VT, NH, ME)",Female,30-49,College graduate/some postgrad,Black,"Yes, a citizen of the United States",Married,Protestant,More than once a week,,,Very conservative,4 people,Self-employed
1334,"West (WA, OR, ID, MT, WY, CA, NV, UT, CO, AZ, NM)",Female,50-64,High school graduate,White,"Yes, a citizen of the United States",,Nothing in particular,Never,Republican,,Conservative,2 people,Full-time employment
1335,"South (TX, OK, AR, LA, KY, TN, MS, AL, WV, DC, MD, DE, VA, NC, SC, GA, FL)",Female,18-29,High school graduate,Black,"Yes, a citizen of the United States",Never been married,Other,Never,,,Moderate,2 people,Self-employed
1336,"West (WA, OR, ID, MT, WY, CA, NV, UT, CO, AZ, NM)",Male,30-49,College graduate/some postgrad,Hispanic,"Yes, a citizen of the United States",Married,Roman Catholic,More than once a week,,,Conservative,3 people,Full-time employment
1338,"Midwest (ND, SD, NE, KS, MN, IA, MO, WI, IL, MI, IN, OH)",Female,65+,Associate's degree,White,"Yes, a citizen of the United States",Widowed,Nothing in particular,Never,,,Moderate,2 people,Part-time employment
1339,"Northeast (PA, NY, NJ, RI, CT, MA, VT, NH, ME)",Male,30-49,College graduate/some postgrad,Hispanic,"Yes, a citizen of the United States",Married,Roman Catholic,Once a week,,,Very conservative,More than 4,Full-time employment
1340,"South (TX, OK, AR, LA, KY, TN, MS, AL, WV, DC, MD, DE, VA, NC, SC, GA, FL)",Female,30-49,College graduate/some postgrad,White,,Married,Nothing in particular,A few times a year,Democrat,,Liberal,More than 4,Full-time employment
1346,"Northeast (PA, NY, NJ, RI, CT, MA, VT, NH, ME)",Female,30-49,Postgraduate,White,"Yes, a citizen of the United States",Married,Roman Catholic,More than once a week,,,Very conservative,4 people,Part-time employment
1347,"Midwest (ND, SD, NE, KS, MN, IA, MO, WI, IL, MI, IN, OH)",Male,50-64,Postgraduate,White,"Yes, a citizen of the United States",Married,Roman Catholic,Once a week,Republican,"\$100,000 or more",Conservative,4 people,Full-time employment
1348,"South (TX, OK, AR, LA, KY, TN, MS, AL, WV, DC, MD, DE, VA, NC, SC, GA, FL)",Female,50-64,"Some college, no degree",White,,Widowed,Protestant,Seldom,,,Liberal,1,Self-employed
1349,"Northeast (PA, NY, NJ, RI, CT, MA, VT, NH, ME)",Female,50-64,College graduate/some postgrad,White,,,Protestant,A few times a year,,,Very liberal,3 people,Full-time employment
1351,"Northeast (PA, NY, NJ, RI, CT, MA, VT, NH, ME)",Female,50-64,College graduate/some postgrad,Black,"Yes, a citizen of the United States",Married,Roman Catholic,Once or twice a month,Democrat,"\$100,000 or more",Moderate,3 people,Full-time employment
1352,"South (TX, OK, AR, LA, KY, TN, MS, AL, WV, DC, MD, DE, VA, NC, SC, GA, FL)",Female,18-29,Postgraduate,Black,"Yes, a citizen of the United States",,Orthodox,A few times a year,,,Moderate,2 people,Full-time employment
1353,"Midwest (ND, SD, NE, KS, MN, IA, MO, WI, IL, MI, IN, OH)",Female,50-64,High school graduate,White,"Yes, a citizen of the United States",Married,Protestant,Once a week,,,Moderate,2 people,Self-employed
1355,"South (TX, OK, AR, LA, KY, TN, MS, AL, WV, DC, MD, DE, VA, NC, SC, GA, FL)",Female,50-64,College graduate/some postgrad,White,,Married,Protestant,Once a week,Democrat,,Liberal,4,Full-time employment
1356,"South (TX, OK, AR, LA, KY, TN, MS, AL, WV, DC, MD, DE, VA, NC, SC, GA, FL)",Female,30-49,"Some college, no degree",White,"Yes, a citizen of the United States",Married,Nothing in particular,Never,Republican,,Moderate,4 people,Self-employed
1357,"South (TX, OK, AR, LA, KY, TN, MS, AL, WV, DC, MD, DE, VA, NC, SC, GA, FL)",Female,65+,College graduate/some postgrad,White,,Married,Jewish,Never,Democrat,"\$100,000 or more",Very liberal,2,Retired
1359,"South (TX, OK, AR, LA, KY, TN, MS, AL, WV, DC, MD, DE, VA, NC, SC, GA, FL)",Female,50-64,College graduate/some postgrad,White,"Yes, a citizen of the United States",Married,Roman Catholic,Seldom,Republican,,Conservative,2 people,Full-time employment
1361,"South (TX, OK, AR, LA, KY, TN, MS, AL, WV, DC, MD, DE, VA, NC, SC, GA, FL)",Female,65+,"Some college, no degree",White,"Yes, a citizen of the United States",Widowed,Atheist,Never,Democrat,"\$30,000-\$50,000",Very liberal,1 person,Retired
1362,"Northeast (PA, NY, NJ, RI, CT, MA, VT, NH, ME)",Male,50-64,"Some college, no degree",White,"Yes, a citizen of the United States",Married,Roman Catholic,Seldom,Democrat,"$50,000-$75,000",Liberal,2 people,Full-time employment
1365,"South (TX, OK, AR, LA, KY, TN, MS, AL, WV, DC, MD, DE, VA, NC, SC, GA, FL)",Male,18-29,College graduate/some postgrad,Black,"Yes, a citizen of the United States",Never been married,Protestant,Seldom,Republican,,Conservative,4 people,Unemployed
1366,"South (TX, OK, AR, LA, KY, TN, MS, AL, WV, DC, MD, DE, VA, NC, SC, GA, FL)",Female,30-49,College graduate/some postgrad,Asian,"Yes, a citizen of the United States",,Atheist,Never,,,Liberal,4 people,Full-time employment
1367,"South (TX, OK, AR, LA, KY, TN, MS, AL, WV, DC, MD, DE, VA, NC, SC, GA, FL)",Male,50-64,College graduate/some postgrad,Other,,Married,Agnostic,A few times a year,Democrat,,Moderate,4,Full-time employment
1368,"Midwest (ND, SD, NE, KS, MN, IA, MO, WI, IL, MI, IN, OH)",Male,30-49,"Some college, no degree",Other,,Divorced,Nothing in particular,Never,Independent,,Very liberal,1 person,Unemployed
1369,"Midwest (ND, SD, NE, KS, MN, IA, MO, WI, IL, MI, IN, OH)",Female,18-29,College graduate/some postgrad,White,"Yes, a citizen of the United States",Never been married,Other,A few times a year,Republican,"\$100,000 or more",Conservative,4 people,Part-time employment
1370,"Midwest (ND, SD, NE, KS, MN, IA, MO, WI, IL, MI, IN, OH)",Male,30-49,Postgraduate,White,,Divorced,Agnostic,Never,,,Moderate,4 people,Full-time employment
1371,"South (TX, OK, AR, LA, KY, TN, MS, AL, WV, DC, MD, DE, VA, NC, SC, GA, FL)",Male,50-64,College graduate/some postgrad,White,,Married,Protestant,Seldom,,,Moderate,3,Retired
1373,"Lives in the South (TX, OK, AR, LA, KY, TN, MS, AL, WV, DC, MD, DE, VA, NC, SC, GA, FL)",Female,65+,College graduate/some postgrad,Black,"Yes, a citizen of the United States",Never been married,Other,Once a week,,,Moderate,1 person,Retired
1377,"Midwest (ND, SD, NE, KS, MN, IA, MO, WI, IL, MI, IN, OH)",Female,65+,College graduate/some postgrad,White,Yes,Widowed,Roman Catholic,Once or twice a month,Democrat,"Less than $30,000",Liberal,1,Retired
1378,"West (WA, OR, ID, MT, WY, CA, NV, UT, CO, AZ, NM)",Female,65+,College graduate/some postgrad,White,,,Protestant,Never,Democrat,,Moderate,2,Retired
1381,"Northeast (PA, NY, NJ, RI, CT, MA, VT, NH, ME)",Male,50-64,Postgraduate,White,,Married,Jewish,Once or twice a month,Democrat,,Conservative,2 people,Full-time employment
1382,"South (TX, OK, AR, LA, KY, TN, MS, AL, WV, DC, MD, DE, VA, NC, SC, GA, FL)",Female,18-29,"Some college, no degree",Black,,Never been married,Nothing in particular,Never,,,Very liberal,4,Student
1385,"South (TX, OK, AR, LA, KY, TN, MS, AL, WV, DC, MD, DE, VA, NC, SC, GA, FL)",Female,50-64,College graduate/some postgrad,Black,"Yes, a citizen of the United States",Married,Roman Catholic,Once a week,,,Very conservative,3 people,Full-time employment
1388,"Northeast (PA, NY, NJ, RI, CT, MA, VT, NH, ME)",Female,50-64,Associate's degree,Hispanic,,Never been married,Buddhist,Never,Independent,,Moderate,1 person,Retired
1389,"Northeast (PA, NY, NJ, RI, CT, MA, VT, NH, ME)",Female,65+,Postgraduate,Other,,Married,Agnostic,Never,,,Liberal,2 people,Retired
1390,"West (WA, OR, ID, MT, WY, CA, NV, UT, CO, AZ, NM)",Female,50-64,"Some college, no degree",White,"Yes, a citizen of the United States",Married,Protestant,Once a week,,,Very conservative,2 people,Unemployed
1391,"South (TX, OK, AR, LA, KY, TN, MS, AL, WV, DC, MD, DE, VA, NC, SC, GA, FL)",Male,65+,"Some college, no degree",White,"Yes, a citizen of the United States",Married,Protestant,Seldom,,,Moderate,2 people,Retired
1393,"South (TX, OK, AR, LA, KY, TN, MS, AL, WV, DC, MD, DE, VA, NC, SC, GA, FL)",Male,18-29,Less than high school,Hispanic,"Yes, a citizen of the United States",Never been married,Nothing in particular,Never,,,Moderate,4 people,Unemployed
1396,"South (TX, OK, AR, LA, KY, TN, MS, AL, WV, DC, MD, DE, VA, NC, SC, GA, FL)",Male,30-49,"Some college, no degree",White,"Yes, a citizen of the United States",Married,Roman Catholic,A few times a year,Republican,"$100,000 or more",Conservative,4 people,Full-time employment
1401,"West (WA, OR, ID, MT, WY, CA, NV, UT, CO, AZ, NM)",Male,30-49,College graduate/some postgrad,White,"Yes, a citizen of the United States",Married,Roman Catholic,Once or twice a month,Republican,"\$100,000 or more",Very conservative,3 people,Full-time employment
1405,"Northeast (PA, NY, NJ, RI, CT, MA, VT, NH, ME)",Male,30-49,College graduate/some postgrad,White,,Married,Roman Catholic,Once a week,Republican,,Very conservative,4,Full-time employment
1406,"Northeast (PA, NY, NJ, RI, CT, MA, VT, NH, ME)",Female,30-49,High school graduate,White,"Yes, a citizen of the United States",Married,Other,Never,,,Moderate,More than 4,Home-maker
1412,"Midwest (ND, SD, NE, KS, MN, IA, MO, WI, IL, MI, IN, OH)",Male,30-49,College graduate/some postgrad,White,"Yes, a citizen of the United States",Married,Other,Once a week,Democrat,,Liberal,2 people,Full-time employment
1414,"Midwest (ND, SD, NE, KS, MN, IA, MO, WI, IL, MI, IN, OH)",Male,50-64,Postgraduate,White,,Married,Protestant,Seldom,,,Moderate,More than 4,Full-time employment
1415,"South (TX, OK, AR, LA, KY, TN, MS, AL, WV, DC, MD, DE, VA, NC, SC, GA, FL)",Female,50-64,"Some college, no degree",White,"Yes, a citizen of the United States",Divorced,Protestant,A few times a year,Republican,,Very conservative,1 person,Retired
1417,"Midwest (ND, SD, NE, KS, MN, IA, MO, WI, IL, MI, IN, OH)",Male,18-29,College graduate/some postgrad,Black,"Yes, a citizen of the United States",Never been married,Roman Catholic,Once a week,Republican,,Conservative,1 person,Full-time employment
1422,"South (TX, OK, AR, LA, KY, TN, MS, AL, WV, DC, MD, DE, VA, NC, SC, GA, FL)",Male,18-29,College graduate/some postgrad,Black,Yes,Never been married,Roman Catholic,Once or twice a month,Democrat,,Conservative,1,Full-time employment
1425,"Northeast (PA, NY, NJ, RI, CT, MA, VT, NH, ME)",Female,30-49,High school graduate,White,"Yes, a citizen of the United States",,Nothing in particular,Seldom,,,Conservative,3 people,Full-time employment
1426,"Northeast (PA, NY, NJ, RI, CT, MA, VT, NH, ME)",Male,30-49,College graduate/some postgrad,White,,Married,Roman Catholic,Seldom,Republican,,Moderate,2 people,Full-time employment
1427,"South (TX, OK, AR, LA, KY, TN, MS, AL, WV, DC, MD, DE, VA, NC, SC, GA, FL)",Male,30-49,College graduate/some postgrad,White,,Never been married,Protestant,Once a week,Independent,,Moderate,2,Part-time employment
1428,"Midwest (ND, SD, NE, KS, MN, IA, MO, WI, IL, MI, IN, OH)",Female,18-29,High school graduate,White,"Yes, a citizen of the United States",Married,Protestant,A few times a year,,,Moderate,3 people,Full-time employment
1429,"Northeast (PA, NY, NJ, RI, CT, MA, VT, NH, ME)",Male,50-64,Postgraduate,White,,Widowed,Other,Seldom,,,Liberal,1,Self-employed
1430,"South (TX, OK, AR, LA, KY, TN, MS, AL, WV, DC, MD, DE, VA, NC, SC, GA, FL)",Male,50-64,High school graduate,White,"Yes, a citizen of the United States",Married,Protestant,Once a week,Republican,,Conservative,3 people,Full-time employment
1431,"South (TX, OK, AR, LA, KY, TN, MS, AL, WV, DC, MD, DE, VA, NC, SC, GA, FL)",Female,30-49,Associate's degree,White,"Yes, a citizen of the United States",Married,Agnostic,Never,,,Liberal,2 people,Part-time employment
1432,"Northeast (PA, NY, NJ, RI, CT, MA, VT, NH, ME)",Female,30-49,Postgraduate,White,,Never been married,Atheist,Never,Democrat,,Liberal,3,Self-employed
1437,"South (TX, OK, AR, LA, KY, TN, MS, AL, WV, DC, MD, DE, VA, NC, SC, GA, FL)",Male,50-64,College graduate/some postgrad,Black,,Divorced,Protestant,A few times a year,Republican,,Conservative,1,Self-employed
1439,"Northeast (PA, NY, NJ, RI, CT, MA, VT, NH, ME)",Male,30-49,"Some college, no degree",Black,"Yes, a citizen of the United States",Never been married,Agnostic,Never,Independent,"Less than $30,000",Very liberal,2 people,Unemployed
1440,"Northeast (PA, NY, NJ, RI, CT, MA, VT, NH, ME)",Male,18-29,Postgraduate,White,,,Roman Catholic,Once a week,Republican,,Very conservative,1 person,Full-time employment
1445,"South (TX, OK, AR, LA, KY, TN, MS, AL, WV, DC, MD, DE, VA, NC, SC, GA, FL)",Female,50-64,Associate's degree,White,"Yes, a citizen of the United States",Married,Nothing in particular,Never,,,Moderate,2 people,Retired
1446,"South (TX, OK, AR, LA, KY, TN, MS, AL, WV, DC, MD, DE, VA, NC, SC, GA, FL)",Male,30-49,"Some college, no degree",Hispanic,,Never been married,Atheist,Never,Independent,"Less than $30,000",Very liberal,4,Unemployed
1448,"Midwest (ND, SD, NE, KS, MN, IA, MO, WI, IL, MI, IN, OH)",Female,65+,College graduate/some postgrad,White,"Yes, a citizen of the United States",Never been married,Nothing in particular,Never,Democrat,"\$30,000-\$50,000",Liberal,1 person,Full-time employment
1449,"Northeast (PA, NY, NJ, RI, CT, MA, VT, NH, ME)",Male,30-49,Postgraduate,White,"Yes, a citizen of the United States",Married,Protestant,Once a week,,,Conservative,More than 4,Full-time employment
1450,"Northeast (PA, NY, NJ, RI, CT, MA, VT, NH, ME)",Male,18-29,"Some college, no degree",Black,"Yes, a citizen of the United States",Never been married,Roman Catholic,A few times a year,Republican,"\$100,000 or more",Moderate,More than 4,Part-time employment
1451,"Northeast (PA, NY, NJ, RI, CT, MA, VT, NH, ME)",Male,30-49,Postgraduate,White,,Married,Jewish,Seldom,Independent,,Moderate,4,Self-employed
1453,"West (WA, OR, ID, MT, WY, CA, NV, UT, CO, AZ, NM)",Female,30-49,Postgraduate,White,"Yes, a citizen of the United States",Married,Nothing in particular,Never,Democrat,,Liberal,More than 4,Home-maker
1454,"South (TX, OK, AR, LA, KY, TN, MS, AL, WV, DC, MD, DE, VA, NC, SC, GA, FL)",Female,65+,Associate's degree,White,Yes,Married,Protestant,Once or twice a month,Republican,,Conservative,2,Retired
1456,"South (TX, OK, AR, LA, KY, TN, MS, AL, WV, DC, MD, DE, VA, NC, SC, GA, FL)",Female,50-64,High school graduate,White,,Married,Protestant,A few times a year,,,Liberal,3 people,Self-employed
1457,"Northeast (PA, NY, NJ, RI, CT, MA, VT, NH, ME)",Male,50-64,"Some college, no degree",White,"Yes, a citizen of the United States",,Roman Catholic,Once a week,,,Conservative,2 people,Full-time employment
1460,"South (TX, OK, AR, LA, KY, TN, MS, AL, WV, DC, MD, DE, VA, NC, SC, GA, FL)",Female,65+,"Some college, no degree",White,"Yes, a citizen of the United States",Widowed,Protestant,Once a week,Republican,"Less than $30,000",Conservative,1 person,Retired
1461,"Northeast (PA, NY, NJ, RI, CT, MA, VT, NH, ME)",Female,18-29,College graduate/some postgrad,White,"Yes, a citizen of the United States",Never been married,Jewish,Seldom,Democrat,,Very liberal,1 person,Full-time employment
1465,"Northeast (PA, NY, NJ, RI, CT, MA, VT, NH, ME)",Female,18-29,College graduate/some postgrad,White,,Never been married,Nothing in particular,Never,Democrat,,Liberal,3,Unemployed
1466,"South (TX, OK, AR, LA, KY, TN, MS, AL, WV, DC, MD, DE, VA, NC, SC, GA, FL)",Female,50-64,Postgraduate,White,"Yes, a citizen of the United States",Married,Other,A few times a year,,,Conservative,4 people,Retired
1467,"Midwest (ND, SD, NE, KS, MN, IA, MO, WI, IL, MI, IN, OH)",Female,30-49,College graduate/some postgrad,Black,"Yes, a citizen of the United States",Married,Protestant,Once a week,,,Conservative,4 people,Full-time employment
1470,"Pacific (HI, AK)",Female,18-29,College graduate/some postgrad,White,"Yes, a citizen of the United States",Never been married,Roman Catholic,Once a week,,,Moderate,More than 4,Self-employed
1471,"South (TX, OK, AR, LA, KY, TN, MS, AL, WV, DC, MD, DE, VA, NC, SC, GA, FL)",Male,65+,"Some college, no degree",White,"Yes, a citizen of the United States",Married,Protestant,Once a week,,,Conservative,3 people,Retired
1472,"South (TX, OK, AR, LA, KY, TN, MS, AL, WV, DC, MD, DE, VA, NC, SC, GA, FL)",Female,50-64,Postgraduate,White,"Yes, a citizen of the United States",Never been married,Protestant,A few times a year,Democrat,,Very liberal,1 person,Full-time employment
1474,"Northeast (PA, NY, NJ, RI, CT, MA, VT, NH, ME)",Male,18-29,College graduate/some postgrad,White,,,Roman Catholic,A few times a year,,,Moderate,2 people,Full-time employment
1476,"South (TX, OK, AR, LA, KY, TN, MS, AL, WV, DC, MD, DE, VA, NC, SC, GA, FL)",Male,50-64,"Some college, no degree",White,,Married,Protestant,Once a week,Republican,,Conservative,2,Full-time employment
1478,"South (TX, OK, AR, LA, KY, TN, MS, AL, WV, DC, MD, DE, VA, NC, SC, GA, FL)",Male,50-64,Postgraduate,White,,Married,Roman Catholic,More than once a week,Republican,"\$100,000 or more",Very conservative,4,Retired
1480,"West (WA, OR, ID, MT, WY, CA, NV, UT, CO, AZ, NM)",Male,30-49,"Some college, no degree",White,"Yes, a citizen of the United States",Never been married,Nothing in particular,Never,Independent,,Conservative,More than 4,Self-employed
1481,"South (TX, OK, AR, LA, KY, TN, MS, AL, WV, DC, MD, DE, VA, NC, SC, GA, FL)",Female,18-29,High school graduate,White,"Yes, a citizen of the United States",Never been married,Protestant,Once a week,,,Conservative,3 people,Unemployed
1482,"South (TX, OK, AR, LA, KY, TN, MS, AL, WV, DC, MD, DE, VA, NC, SC, GA, FL)",Male,65+,College graduate/some postgrad,White,,Married,Roman Catholic,Once a week,Democrat,,Liberal,4,Part-time employment
1483,"South (TX, OK, AR, LA, KY, TN, MS, AL, WV, DC, MD, DE, VA, NC, SC, GA, FL)",Female,30-49,High school graduate,White,"Yes, a citizen of the United States",Married,Protestant,A few times a year,Republican,,Conservative,4 people,Home-maker
1484,"West (WA, OR, ID, MT, WY, CA, NV, UT, CO, AZ, NM)",Female,30-49,Associate's degree,Other,,,Agnostic,Never,,,Moderate,4 people,Full-time employment
1485,"Midwest (ND, SD, NE, KS, MN, IA, MO, WI, IL, MI, IN, OH)",Female,50-64,College graduate/some postgrad,White,"Yes, a citizen of the United States",Divorced,Agnostic,Never,Democrat,,Very liberal,2 people,Self-employed
1486,"South (TX, OK, AR, LA, KY, TN, MS, AL, WV, DC, MD, DE, VA, NC, SC, GA, FL)",Female,50-64,College graduate/some postgrad,Asian,"Yes, a citizen of the United States",Widowed,Agnostic,Never,,,Liberal,2 people,Full-time employment
1489,"West (WA, OR, ID, MT, WY, CA, NV, UT, CO, AZ, NM)",Female,30-49,College graduate/some postgrad,Black,,,Nothing in particular,Never,Something else,,Very liberal,2,Full-time employment
1490,"Northeast (PA, NY, NJ, RI, CT, MA, VT, NH, ME)",Male,65+,College graduate/some postgrad,Black,,,Protestant,Seldom,Independent,,Conservative,2,Self-employed
1491,"South (TX, OK, AR, LA, KY, TN, MS, AL, WV, DC, MD, DE, VA, NC, SC, GA, FL)",Female,30-49,"Some college, no degree",White,,Never been married,Protestant,Seldom,Independent,,Moderate,1,Part-time employment
1494,"South (TX, OK, AR, LA, KY, TN, MS, AL, WV, DC, MD, DE, VA, NC, SC, GA, FL)",Female,65+,College graduate/some postgrad,White,,Divorced,Atheist,Never,Democrat,"\$50,000-\$75,000",Liberal,1,Self-employed
1496,"South (TX, OK, AR, LA, KY, TN, MS, AL, WV, DC, MD, DE, VA, NC, SC, GA, FL)",Female,65+,Postgraduate,Black,"Yes, a citizen of the United States",Married,Other,More than once a week,Democrat,,Moderate,2 people,Retired
1498,"Midwest (ND, SD, NE, KS, MN, IA, MO, WI, IL, MI, IN, OH)",Female,50-64,College graduate/some postgrad,White,,Married,Protestant,More than once a week,Democrat,,Very liberal,4,Full-time employment
1499,"South (TX, OK, AR, LA, KY, TN, MS, AL, WV, DC, MD, DE, VA, NC, SC, GA, FL)",Male,65+,High school graduate,White,"Yes, a citizen of the United States",Married,Other,More than once a week,,,Moderate,2 people,Retired
1501,"South (TX, OK, AR, LA, KY, TN, MS, AL, WV, DC, MD, DE, VA, NC, SC, GA, FL)",Female,30-49,High school graduate,White,"Yes, a citizen of the United States",Never been married,Roman Catholic,Never,Independent,"\$30,000-\$50,000",Moderate,3 people,Part-time employment
1503,"Midwest (ND, SD, NE, KS, MN, IA, MO, WI, IL, MI, IN, OH)",Female,50-64,College graduate/some postgrad,Other,,Divorced,Jewish,Never,Democrat,,Very liberal,2,Self-employed
1506,"South (TX, OK, AR, LA, KY, TN, MS, AL, WV, DC, MD, DE, VA, NC, SC, GA, FL)",Female,65+,High school graduate,White,"Yes, a citizen of the United States",,Protestant,A few times a year,,,Liberal,1 person,Retired
1507,"Midwest (ND, SD, NE, KS, MN, IA, MO, WI, IL, MI, IN, OH)",Male,50-64,Associate's degree,Other,,Divorced,Atheist,Never,Independent,"Less than $30,000",Moderate,1 person,Self-employed
1508,"West (WA, OR, ID, MT, WY, CA, NV, UT, CO, AZ, NM)",Male,50-64,College graduate/some postgrad,White,,Married,Nothing in particular,A few times a year,Independent,,Moderate,4,Full-time employment
1512,"South (TX, OK, AR, LA, KY, TN, MS, AL, WV, DC, MD, DE, VA, NC, SC, GA, FL)",Female,50-64,Postgraduate,White,"Yes, a citizen of the United States",,Muslim,Seldom,Republican,"\$30,000-\$50,000",Conservative,4,Part-time employment
1513,"South (TX, OK, AR, LA, KY, TN, MS, AL, WV, DC, MD, DE, VA, NC, SC, GA, FL)",Female,65+,Associate's degree,White,"Yes, a citizen of the United States",Married,Roman Catholic,Seldom,,,Liberal,2 people,Retired
1516,"Midwest (ND, SD, NE, KS, MN, IA, MO, WI, IL, MI, IN, OH)",Female,18-29,College graduate/some postgrad,White,"Yes, a citizen of the United States",,Protestant,Once a week,Republican,"\$100,000 or more",Very conservative,2 people,Full-time employment
1518,"Northeast (PA, NY, NJ, RI, CT, MA, VT, NH, ME)",Male,65+,College graduate/some postgrad,White,,Married,Jewish,Seldom,Democrat,,Moderate,2,Retired
1520,"Midwest (ND, SD, NE, KS, MN, IA, MO, WI, IL, MI, IN, OH)",Male,50-64,High school graduate,Other,,,Roman Catholic,A few times a year,Democrat,,Liberal,2,Full-time employment
1523,"West (WA, OR, ID, MT, WY, CA, NV, UT, CO, AZ, NM)",Male,30-49,"Some college, no degree",White,,Married,Other,Once a week,,,Conservative,More than 4,Full-time employment
1524,"South (TX, OK, AR, LA, KY, TN, MS, AL, WV, DC, MD, DE, VA, NC, SC, GA, FL)",Male,50-64,High school graduate,White,,Married,Atheist,Never,,,Moderate,2,Full-time employment
1526,"South (TX, OK, AR, LA, KY, TN, MS, AL, WV, DC, MD, DE, VA, NC, SC, GA, FL)",Female,50-64,College graduate/some postgrad,Black,"Yes, a citizen of the United States",Married,Roman Catholic,Never,Democrat,,Liberal,2,Full-time employment
1527,"Northeast (PA, NY, NJ, RI, CT, MA, VT, NH, ME)",Female,65+,Postgraduate,White,"Yes, a citizen of the United States",Divorced,Protestant,Once a week,,,Very liberal,1 person,Retired
1528,"Northeast (PA, NY, NJ, RI, CT, MA, VT, NH, ME)",Female,30-49,Associate's degree,White,"Yes, a citizen of the United States",Married,Roman Catholic,Once a week,Democrat,,Conservative,More than 4,Full-time employment
1529,"South (TX, OK, AR, LA, KY, TN, MS, AL, WV, DC, MD, DE, VA, NC, SC, GA, FL)",Female,65+,Associate's degree,White,"Yes, a citizen of the United States",,Jewish,Once a week,,,Very liberal,1 person,Retired
1530,"South (TX, OK, AR, LA, KY, TN, MS, AL, WV, DC, MD, DE, VA, NC, SC, GA, FL)",Male,30-49,Postgraduate,Asian,"Yes, a citizen of the United States",Married,Buddhist,Seldom,Republican,"\$100,000 or more",Moderate,3 people,Full-time employment
1531,"South (TX, OK, AR, LA, KY, TN, MS, AL, WV, DC, MD, DE, VA, NC, SC, GA, FL)",Female,50-64,Postgraduate,White,,Married,Protestant,More than once a week,Republican,,Very conservative,3,Retired
1533,"Midwest (ND, SD, NE, KS, MN, IA, MO, WI, IL, MI, IN, OH)",Female,30-49,"Some college, no degree",White,"Yes, a citizen of the United States",Married,Atheist,Never,Democrat,,Very liberal,2 people,Full-time employment
1534,"South (TX, OK, AR, LA, KY, TN, MS, AL, WV, DC, MD, DE, VA, NC, SC, GA, FL)",Male,30-49,College graduate/some postgrad,White,,Married,Protestant,Seldom,Democrat,,Liberal,3,Full-time employment
1537,"Northeast (PA, NY, NJ, RI, CT, MA, VT, NH, ME)",Female,50-64,Postgraduate,White,"Yes, a citizen of the United States",Married,Jewish,Seldom,,,Moderate,3 people,Part-time employment
1539,"Midwest (ND, SD, NE, KS, MN, IA, MO, WI, IL, MI, IN, OH)",Male,65+,College graduate/some postgrad,White,,Married,Jewish,Seldom,Democrat,,Liberal,2,Part-time employment
1542,"West (WA, OR, ID, MT, WY, CA, NV, UT, CO, AZ, NM)",Male,50-64,"Some college, no degree",White,,Never been married,Atheist,Never,Republican,,Very conservative,1,Self-employed
1547,"South (TX, OK, AR, LA, KY, TN, MS, AL, WV, DC, MD, DE, VA, NC, SC, GA, FL)",Female,65+,College graduate/some postgrad,Asian,,Divorced,Buddhist,Never,Independent,,Moderate,2,Retired
1548,"South (TX, OK, AR, LA, KY, TN, MS, AL, WV, DC, MD, DE, VA, NC, SC, GA, FL)",Male,30-49,College graduate/some postgrad,Hispanic,"Yes, a citizen of the United States",Married,Agnostic,Never,,,Moderate,2 people,Part-time employment
1549,"South (TX, OK, AR, LA, KY, TN, MS, AL, WV, DC, MD, DE, VA, NC, SC, GA, FL)",Female,30-49,College graduate/some postgrad,White,,Divorced,Protestant,Seldom,Independent,,Moderate,2,Full-time employment
1550,"West (WA, OR, ID, MT, WY, CA, NV, UT, CO, AZ, NM)",Male,30-49,"Some college, no degree",Asian,,Separated,Protestant,A few times a year,,,Moderate,4,Full-time employment
1551,"South (TX, OK, AR, LA, KY, TN, MS, AL, WV, DC, MD, DE, VA, NC, SC, GA, FL)",Male,30-49,Postgraduate,Hispanic,"Yes, a citizen of the United States",Never been married,Atheist,Seldom,,,Liberal,More than 4,Full-time employment
1552,"South (TX, OK, AR, LA, KY, TN, MS, AL, WV, DC, MD, DE, VA, NC, SC, GA, FL)",Female,50-64,High school graduate,Hispanic,"Yes, a citizen of the United States",Married,Roman Catholic,Seldom,,,Moderate,4 people,Part-time employment
1554,"Lives in the South (TX, OK, AR, LA, KY, TN, MS, AL, WV, DC, MD, DE, VA, NC, SC, GA, FL)",Female,50-64,Associate's degree,White,"Yes, a citizen of the United States",Divorced,Roman Catholic,Once a week,,,Moderate,3 people,Full-time employment
1558,"South (TX, OK, AR, LA, KY, TN, MS, AL, WV, DC, MD, DE, VA, NC, SC, GA, FL)",Male,30-49,College graduate/some postgrad,White,,Married,Other,Once a week,Independent,,Moderate,4,Full-time employment
1560,"Midwest (ND, SD, NE, KS, MN, IA, MO, WI, IL, MI, IN, OH)",Female,18-29,College graduate/some postgrad,White,"Yes, a citizen of the United States",Never been married,Atheist,Never,Democrat,,Very liberal,4 people,Part-time employment
1562,"South (TX, OK, AR, LA, KY, TN, MS, AL, WV, DC, MD, DE, VA, NC, SC, GA, FL)",Female,65+,"Some college, no degree",White,"Yes, a citizen of the United States",Married,Other,Once a week,,,Moderate,2 people,Part-time employment
1564,"Midwest (ND, SD, NE, KS, MN, IA, MO, WI, IL, MI, IN, OH)",Female,30-49,High school graduate,Hispanic,"Yes, a citizen of the United States",,Other,More than once a week,,,Moderate,3 people,Home-maker
1566,"South (TX, OK, AR, LA, KY, TN, MS, AL, WV, DC, MD, DE, VA, NC, SC, GA, FL)",Male,30-49,College graduate/some postgrad,White,,Married,Roman Catholic,Once a week,Republican,,Very liberal,2,Part-time employment
1567,"Midwest (ND, SD, NE, KS, MN, IA, MO, WI, IL, MI, IN, OH)",Female,30-49,Postgraduate,White,"Yes, a citizen of the United States",Married,Agnostic,A few times a year,,,Very liberal,3 people,Full-time employment
1568,"South (TX, OK, AR, LA, KY, TN, MS, AL, WV, DC, MD, DE, VA, NC, SC, GA, FL)",Female,50-64,College graduate/some postgrad,White,,Married,Protestant,Never,Democrat,,Liberal,2,Retired
1571,"Lives in the South (TX, OK, AR, LA, KY, TN, MS, AL, WV, DC, MD, DE, VA, NC, SC, GA, FL)",Female,65+,Associate's degree,White,"Yes, a citizen of the United States",,Protestant,Once a week,Democrat,"\$30,000-\$50,000",Liberal,3 people,Retired
1573,"Northeast (PA, NY, NJ, RI, CT, MA, VT, NH, ME)",Female,30-49,College graduate/some postgrad,Hispanic,,Married,Other,Seldom,Independent,,Moderate,3,Full-time employment
1577,"Pacific (HI, AK)",Female,50-64,College graduate/some postgrad,White,"Yes, a citizen of the United States",Divorced,Nothing in particular,Never,Democrat,"\$50,000-\$75,000",Liberal,2 people,Full-time employment
1578,"Northeast (PA, NY, NJ, RI, CT, MA, VT, NH, ME)",Male,65+,College graduate/some postgrad,Hispanic,,Married,Roman Catholic,A few times a year,Republican,,Conservative,2 people,Part-time employment
1582,"South (TX, OK, AR, LA, KY, TN, MS, AL, WV, DC, MD, DE, VA, NC, SC, GA, FL)",Male,18-29,College graduate/some postgrad,White,"Yes, a citizen of the United States",Never been married,Roman Catholic,Once a week,,,Conservative,4,Unemployed
1583,"South (TX, OK, AR, LA, KY, TN, MS, AL, WV, DC, MD, DE, VA, NC, SC, GA, FL)",Female,65+,College graduate/some postgrad,White,,Widowed,Nothing in particular,Never,Democrat,,Liberal,1,Self-employed
1584,"South (TX, OK, AR, LA, KY, TN, MS, AL, WV, DC, MD, DE, VA, NC, SC, GA, FL)",Male,18-29,"Some college, no degree",White,,Never been married,Protestant,Once or twice a month,Republican,,Conservative,4,Student
1586,"Midwest (ND, SD, NE, KS, MN, IA, MO, WI, IL, MI, IN, OH)",Female,30-49,College graduate/some postgrad,White,,Married,Atheist,Never,Democrat,,Very liberal,2,Self-employed
1587,"South (TX, OK, AR, LA, KY, TN, MS, AL, WV, DC, MD, DE, VA, NC, SC, GA, FL)",Female,18-29,High school graduate,Black,"Yes, a citizen of the United States",Never been married,Protestant,Seldom,,,Moderate,3 people,Unemployed
1588,"West (WA, OR, ID, MT, WY, CA, NV, UT, CO, AZ, NM)",Female,65+,College graduate/some postgrad,White,"Yes, a citizen of the United States",Married,Atheist,Never,,,Very liberal,2 people,Part-time employment
1590,"Northeast (PA, NY, NJ, RI, CT, MA, VT, NH, ME)",Male,30-49,Postgraduate,Black,"Yes, a citizen of the United States",Married,Protestant,Once or twice a month,,,Liberal,4 people,Full-time employment
1591,"West (WA, OR, ID, MT, WY, CA, NV, UT, CO, AZ, NM)",Female,30-49,Postgraduate,White,"Yes, a citizen of the United States",Married,Protestant,Once a week,,,Conservative,More than 4,Full-time employment
1592,"Midwest (ND, SD, NE, KS, MN, IA, MO, WI, IL, MI, IN, OH)",Female,30-49,Postgraduate,White,"Yes, a citizen of the United States",,Protestant,Once or twice a month,,,Conservative,4 people,Full-time employment
1593,"South (TX, OK, AR, LA, KY, TN, MS, AL, WV, DC, MD, DE, VA, NC, SC, GA, FL)",Male,30-49,Associate's degree,Hispanic,,Married,Agnostic,Never,Independent,,Moderate,4,Unemployed
1594,"West (WA, OR, ID, MT, WY, CA, NV, UT, CO, AZ, NM)",Male,50-64,"Some college, no degree",White,,,Protestant,Never,Independent,,Moderate,3,Retired
1599,"Northeast (PA, NY, NJ, RI, CT, MA, VT, NH, ME)",Male,18-29,College graduate/some postgrad,Hispanic,"Yes, a citizen of the United States",Never been married,Atheist,Never,Independent,,Very liberal,3 people,Part-time employment
1601,"Northeast (PA, NY, NJ, RI, CT, MA, VT, NH, ME)",Female,65+,Associate's degree,White,"Yes, a citizen of the United States",Divorced,Atheist,Never,,,Moderate,1 person,Retired
1602,"South (TX, OK, AR, LA, KY, TN, MS, AL, WV, DC, MD, DE, VA, NC, SC, GA, FL)",Female,50-64,Postgraduate,Asian,"Yes, a citizen of the United States",Married,Nothing in particular,Never,,,Liberal,2 people,Full-time employment
1606,"South (TX, OK, AR, LA, KY, TN, MS, AL, WV, DC, MD, DE, VA, NC, SC, GA, FL)",Male,30-49,"Some college, no degree",White,,,Agnostic,Seldom,Democrat,,Liberal,More than 4,Full-time employment
1607,"South (TX, OK, AR, LA, KY, TN, MS, AL, WV, DC, MD, DE, VA, NC, SC, GA, FL)",Female,50-64,Associate's degree,Black,"Yes, a citizen of the United States",Never been married,Other,Once or twice a month,Democrat,"\$100,000 or more",Liberal,3 people,Full-time employment
1609,"Midwest (ND, SD, NE, KS, MN, IA, MO, WI, IL, MI, IN, OH)",Female,50-64,High school graduate,White,"Yes, a citizen of the United States",Married,Protestant,Never,Democrat,,Very liberal,4 people,Home-maker
1610,"Northeast (PA, NY, NJ, RI, CT, MA, VT, NH, ME)",Female,65+,College graduate/some postgrad,White,,Married,Agnostic,Never,,,Very liberal,2 people,Self-employed
1611,"Northeast (PA, NY, NJ, RI, CT, MA, VT, NH, ME)",Male,65+,"Some college, no degree",White,,Married,Agnostic,Never,,,Moderate,3,Full-time employment
1612,"Northeast (PA, NY, NJ, RI, CT, MA, VT, NH, ME)",Male,30-49,College graduate/some postgrad,White,,Married,Roman Catholic,Never,Republican,,Conservative,2 people,Full-time employment
1613,"South (TX, OK, AR, LA, KY, TN, MS, AL, WV, DC, MD, DE, VA, NC, SC, GA, FL)",Female,30-49,Associate's degree,White,"Yes, a citizen of the United States",Married,Nothing in particular,Never,,,Moderate,More than 4,Home-maker
1616,"Northeast (PA, NY, NJ, RI, CT, MA, VT, NH, ME)",Male,18-29,"Some college, no degree",White,,Never been married,Nothing in particular,Seldom,,,Very liberal,More than 4,Student
1617,"South (TX, OK, AR, LA, KY, TN, MS, AL, WV, DC, MD, DE, VA, NC, SC, GA, FL)",Male,30-49,"Some college, no degree",White,"Yes, a citizen of the United States",Never been married,Agnostic,Never,Democrat,,Very liberal,2 people,Unemployed
1619,"Midwest (ND, SD, NE, KS, MN, IA, MO, WI, IL, MI, IN, OH)",Male,18-29,High school graduate,Black,,Never been married,Roman Catholic,Seldom,Democrat,,Liberal,4,Unemployed
1622,"South (TX, OK, AR, LA, KY, TN, MS, AL, WV, DC, MD, DE, VA, NC, SC, GA, FL)",Female,18-29,College graduate/some postgrad,White,,,Roman Catholic,Once or twice a month,,,Moderate,2,Full-time employment
1624,"South (TX, OK, AR, LA, KY, TN, MS, AL, WV, DC, MD, DE, VA, NC, SC, GA, FL)",Male,50-64,High school graduate,White,"Yes, a citizen of the United States",,Roman Catholic,Never,Republican,,Conservative,3 people,Full-time employment
1625,"Midwest (ND, SD, NE, KS, MN, IA, MO, WI, IL, MI, IN, OH)",Male,50-64,Associate's degree,White,,Widowed,Protestant,A few times a year,Democrat,"Less than $30,000",Liberal,2,Retired
1626,"Northeast (PA, NY, NJ, RI, CT, MA, VT, NH, ME)",Male,18-29,"Some college, no degree",Hispanic,,Never been married,Agnostic,Never,Democrat,,Liberal,4,Student
1627,"South (TX, OK, AR, LA, KY, TN, MS, AL, WV, DC, MD, DE, VA, NC, SC, GA, FL)",Male,65+,Postgraduate,White,"Yes, a citizen of the United States",Married,Protestant,Once a week,Independent,"$100,000 or more",Moderate,2 people,Full-time employment
1629,"West (WA, OR, ID, MT, WY, CA, NV, UT, CO, AZ, NM)",Female,30-49,Associate's degree,Hispanic,"Yes, a citizen of the United States",Never been married,Roman Catholic,Seldom,,,Liberal,1 person,Self-employed
1630,"Northeast (PA, NY, NJ, RI, CT, MA, VT, NH, ME)",Male,50-64,College graduate/some postgrad,White,,Never been married,Jewish,Never,Democrat,,Liberal,1,Full-time employment
1631,"South (TX, OK, AR, LA, KY, TN, MS, AL, WV, DC, MD, DE, VA, NC, SC, GA, FL)",Female,50-64,College graduate/some postgrad,White,,Married,Agnostic,Never,Democrat,,Liberal,2,Full-time employment
1633,"South (TX, OK, AR, LA, KY, TN, MS, AL, WV, DC, MD, DE, VA, NC, SC, GA, FL)",Male,18-29,College graduate/some postgrad,Hispanic,"Yes, a citizen of the United States",Never been married,Roman Catholic,Never,Democrat,,Liberal,1 person,Full-time employment
1636,"South (TX, OK, AR, LA, KY, TN, MS, AL, WV, DC, MD, DE, VA, NC, SC, GA, FL)",Male,50-64,"Some college, no degree",White,,Married,Protestant,Seldom,Republican,,Conservative,2,Unemployed
1642,"West (WA, OR, ID, MT, WY, CA, NV, UT, CO, AZ, NM)",Male,30-49,College graduate/some postgrad,White,"Yes, a citizen of the United States",,Roman Catholic,Once or twice a month,Democrat,,Liberal,3 people,Full-time employment
1647,"Northeast (PA, NY, NJ, RI, CT, MA, VT, NH, ME)",Female,50-64,Associate's degree,White,,Married,Nothing in particular,Seldom,Democrat,,Very liberal,3 people,Self-employed
1648,"Northeast (PA, NY, NJ, RI, CT, MA, VT, NH, ME)",Female,30-49,Associate's degree,White,"Yes, a citizen of the United States",,Roman Catholic,Seldom,Democrat,"\$100,000 or more",Liberal,2 people,Full-time employment
1649,"South (TX, OK, AR, LA, KY, TN, MS, AL, WV, DC, MD, DE, VA, NC, SC, GA, FL)",Female,50-64,College graduate/some postgrad,White,,Married,Nothing in particular,Never,Republican,,Moderate,2,Unemployed
1650,"South (TX, OK, AR, LA, KY, TN, MS, AL, WV, DC, MD, DE, VA, NC, SC, GA, FL)",Male,30-49,College graduate/some postgrad,Other,,,Protestant,Once or twice a month,,,Moderate,3,Full-time employment
1652,"South (TX, OK, AR, LA, KY, TN, MS, AL, WV, DC, MD, DE, VA, NC, SC, GA, FL)",Male,30-49,College graduate/some postgrad,White,,Never been married,Roman Catholic,Once a week,Republican,,Very conservative,1 person,Part-time employment
1654,"Midwest (ND, SD, NE, KS, MN, IA, MO, WI, IL, MI, IN, OH)",Female,30-49,College graduate/some postgrad,White,,Married,Agnostic,Never,,,Liberal,4,Home-maker
1655,"South (TX, OK, AR, LA, KY, TN, MS, AL, WV, DC, MD, DE, VA, NC, SC, GA, FL)",Female,65+,"Some college, no degree",White,"Yes, a citizen of the United States",Widowed,Protestant,Once or twice a month,,,Conservative,1 person,Retired
1656,"Northeast (PA, NY, NJ, RI, CT, MA, VT, NH, ME)",Female,50-64,College graduate/some postgrad,Other,,,Atheist,Never,Something else,,Very liberal,2 people,Full-time employment
1657,"South (TX, OK, AR, LA, KY, TN, MS, AL, WV, DC, MD, DE, VA, NC, SC, GA, FL)",Female,50-64,"Some college, no degree",White,"Yes, a citizen of the United States",Married,Other,Never,Republican,,Very conservative,2 people,Full-time employment
1658,"Midwest (ND, SD, NE, KS, MN, IA, MO, WI, IL, MI, IN, OH)",Male,50-64,High school graduate,White,,Divorced,Nothing in particular,Never,,,Moderate,2 people,Retired
1660,"Northeast (PA, NY, NJ, RI, CT, MA, VT, NH, ME)",Female,30-49,"Some college, no degree",Black,"Yes, a citizen of the United States",Never been married,Protestant,Seldom,Republican,,Conservative,More than 4,Self-employed
1662,"West (WA, OR, ID, MT, WY, CA, NV, UT, CO, AZ, NM)",Female,50-64,"Some college, no degree",White,"Yes, a citizen of the United States",Married,Other,Seldom,,,Conservative,2 people,Full-time employment
1663,"South (TX, OK, AR, LA, KY, TN, MS, AL, WV, DC, MD, DE, VA, NC, SC, GA, FL)",Male,65+,Associate's degree,White,"Yes, a citizen of the United States",Married,Protestant,Once a week,Republican,,Conservative,More than 4 people,Part-time employment
1664,"South (TX, OK, AR, LA, KY, TN, MS, AL, WV, DC, MD, DE, VA, NC, SC, GA, FL)",Male,30-49,"Some college, no degree",White,"Yes, a citizen of the United States",Married,Nothing in particular,Never,,,Very liberal,3 people,Home-maker
1665,"Northeast (PA, NY, NJ, RI, CT, MA, VT, NH, ME)",Female,50-64,College graduate/some postgrad,Other,,Divorced,Protestant,A few times a year,,,Moderate,3 people,Self-employed
1670,"South (TX, OK, AR, LA, KY, TN, MS, AL, WV, DC, MD, DE, VA, NC, SC, GA, FL)",Male,65+,College graduate/some postgrad,White,"Yes, a citizen of the United States",Divorced,Atheist,Never,Independent,"\$100,000 or more",Moderate,2,Retired
1672,"Midwest (ND, SD, NE, KS, MN, IA, MO, WI, IL, MI, IN, OH)",Male,18-29,High school graduate,Hispanic,"Yes, a citizen of the United States",Married,Protestant,A few times a year,Republican,"Less than $30,000",Very conservative,3 people,Full-time employment
1673,"Midwest (ND, SD, NE, KS, MN, IA, MO, WI, IL, MI, IN, OH)",Male,50-64,Postgraduate,Black,"Yes, a citizen of the United States",Never been married,Atheist,Never,Democrat,"\$50,000-\$75,000",Liberal,1 person,Self-employed
1675,"South (TX, OK, AR, LA, KY, TN, MS, AL, WV, DC, MD, DE, VA, NC, SC, GA, FL)",Female,30-49,High school graduate,White,,,Nothing in particular,Seldom,Republican,,Very liberal,4,Self-employed
1676,"South (TX, OK, AR, LA, KY, TN, MS, AL, WV, DC, MD, DE, VA, NC, SC, GA, FL)",Female,30-49,Postgraduate,White,"Yes, a citizen of the United States",Married,Orthodox,Once a week,,,Moderate,3 people,Full-time employment
1677,"South (TX, OK, AR, LA, KY, TN, MS, AL, WV, DC, MD, DE, VA, NC, SC, GA, FL)",Male,30-49,Postgraduate,White,,,Atheist,Never (aside from weddings and funerals),Democrat,,Moderate,2 people,Full-time employment
1680,"South (TX, OK, AR, LA, KY, TN, MS, AL, WV, DC, MD, DE, VA, NC, SC, GA, FL)",Female,65+,Postgraduate,White,Yes,Never been married,Agnostic,Seldom,Democrat,"\$30,000-\$50,000",Liberal,1,Retired
1681,"Midwest (ND, SD, NE, KS, MN, IA, MO, WI, IL, MI, IN, OH)",Female,65+,College graduate/some postgrad,White,"Yes, a citizen of the United States",,Atheist,Never,Democrat,"Less than $30,000",Liberal,1 person,Retired
1682,"West (WA, OR, ID, MT, WY, CA, NV, UT, CO, AZ, NM)",Female,50-64,Associate's degree,White,"Yes, a citizen of the United States",,Other,Seldom,,,Conservative,3 people,Unemployed
1683,"South (TX, OK, AR, LA, KY, TN, MS, AL, WV, DC, MD, DE, VA, NC, SC, GA, FL)",Female,50-64,Associate's degree,White,"Yes, a citizen of the United States",Widowed,Protestant,A few times a year,Republican,"Less than $30,000",Very conservative,4 people,Full-time employment
1685,"South (TX, OK, AR, LA, KY, TN, MS, AL, WV, DC, MD, DE, VA, NC, SC, GA, FL)",Male,30-49,College graduate/some postgrad,Black,"Yes, a citizen of the United States",Married,Muslim,A few times a year,Democrat,,Liberal,4 people,Full-time employment
1686,"Midwest (ND, SD, NE, KS, MN, IA, MO, WI, IL, MI, IN, OH)",Male,18-29,High school graduate,Black,"Yes, a citizen of the United States",Never been married,Other,Never,Democrat,,Very liberal,3,Unemployed
1690,"West (WA, OR, ID, MT, WY, CA, NV, UT, CO, AZ, NM)",Male,30-49,College graduate/some postgrad,Asian,"Yes, a citizen of the United States",Married,Protestant,Once a week,,,Moderate,More than 4,Full-time employment
1697,"South (TX, OK, AR, LA, KY, TN, MS, AL, WV, DC, MD, DE, VA, NC, SC, GA, FL)",Female,30-49,"Some college, no degree",Hispanic,"Yes, a citizen of the United States",,Roman Catholic,Never,Independent,,Moderate,4 people,Unemployed
1702,"Northeast (PA, NY, NJ, RI, CT, MA, VT, NH, ME)",Male,30-49,Postgraduate,White,,Never been married,Protestant,Once a week,Democrat,,Very liberal,3,Self-employed
1705,"Northeast (PA, NY, NJ, RI, CT, MA, VT, NH, ME)",Female,65+,College graduate/some postgrad,White,,Married,Roman Catholic,Seldom,Independent,,Conservative,2,Part-time employment
1707,"West (WA, OR, ID, MT, WY, CA, NV, UT, CO, AZ, NM)",Female,50-64,Associate's degree,White,"Yes, a citizen of the United States",,Atheist,Never,,,Very liberal,2 people,Unemployed
1709,"South (TX, OK, AR, LA, KY, TN, MS, AL, WV, DC, MD, DE, VA, NC, SC, GA, FL)",Female,18-29,High school graduate,White,"Yes, a citizen of the United States",Never been married,Other,Never,,,Conservative,More than 4,Unemployed
1711,"South (TX, OK, AR, LA, KY, TN, MS, AL, WV, DC, MD, DE, VA, NC, SC, GA, FL)",Male,18-29,Postgraduate,White,,Married,Protestant,Once a week,Republican,,Very conservative,3,Full-time employment
1714,"South (TX, OK, AR, LA, KY, TN, MS, AL, WV, DC, MD, DE, VA, NC, SC, GA, FL)",Female,50-64,College graduate/some postgrad,Black,"Yes, a citizen of the United States",,Roman Catholic,Once a week,Democrat,"\$30,000-\$50,000",Moderate,2 people,Full-time employment
1716,"South (TX, OK, AR, LA, KY, TN, MS, AL, WV, DC, MD, DE, VA, NC, SC, GA, FL)",Female,30-49,College graduate/some postgrad,Other,,,Agnostic,A few times a year,,,Liberal,4,Self-employed
1717,"Northeast (PA, NY, NJ, RI, CT, MA, VT, NH, ME)",Male,30-49,College graduate/some postgrad,White,,Never been married,Nothing in particular,Never,Democrat,,Liberal,2,Unemployed
1718,"West (WA, OR, ID, MT, WY, CA, NV, UT, CO, AZ, NM)",Female,18-29,"Some college, no degree",White,"Yes, a citizen of the United States",,Agnostic,Never,,,Very liberal,2 people,Self-employed
1720,"South (TX, OK, AR, LA, KY, TN, MS, AL, WV, DC, MD, DE, VA, NC, SC, GA, FL)",Male,50-64,College graduate/some postgrad,White,"Yes, a citizen of the United States",Married,Nothing in particular,Never,Democrat,,Liberal,4 people,Full-time employment
1721,"South (TX, OK, AR, LA, KY, TN, MS, AL, WV, DC, MD, DE, VA, NC, SC, GA, FL)",Female,18-29,High school graduate,White,"Yes, a citizen of the United States",Never been married,Protestant,A few times a year,Democrat,,Very liberal,More than 4,Student
1722,"West (WA, OR, ID, MT, WY, CA, NV, UT, CO, AZ, NM)",Female,18-29,College graduate/some postgrad,Other,,Never been married,Nothing in particular,Never,Democrat,,Very liberal,4,Full-time employment
1724,"West (WA, OR, ID, MT, WY, CA, NV, UT, CO, AZ, NM)",Male,50-64,"Some college, no degree",White,,Never been married,Atheist,Never,Independent,,Moderate,3 people,Retired
1725,"Northeast (PA, NY, NJ, RI, CT, MA, VT, NH, ME)",Male,65+,"Some college, no degree",White,,,Roman Catholic,A few times a year,,,Moderate,3 people,Full-time employment
1726,"Midwest (ND, SD, NE, KS, MN, IA, MO, WI, IL, MI, IN, OH)",Female,50-64,Postgraduate,White,"Yes, a citizen of the United States",Married,Protestant,Once a week,Republican,,Conservative,2 people,Home-maker
1727,"South (TX, OK, AR, LA, KY, TN, MS, AL, WV, DC, MD, DE, VA, NC, SC, GA, FL)",Male,65+,College graduate/some postgrad,Hispanic,"Yes, a citizen of the United States",Married,Roman Catholic,A few times a year,Independent,,Moderate,2 people,Full-time employment
1729,"South (TX, OK, AR, LA, KY, TN, MS, AL, WV, DC, MD, DE, VA, NC, SC, GA, FL)",Male,18-29,College graduate/some postgrad,Hispanic,"Yes, a citizen of the United States",Never been married,Protestant,A few times a year,,,Moderate,3 people,Full-time employment
1731,"West (WA, OR, ID, MT, WY, CA, NV, UT, CO, AZ, NM)",Female,50-64,Postgraduate,White,"Yes, a citizen of the United States",Married,Jewish,A few times a year,,,Very liberal,3 people,Unemployed
1733,"South (TX, OK, AR, LA, KY, TN, MS, AL, WV, DC, MD, DE, VA, NC, SC, GA, FL)",Female,50-64,High school graduate,White,,Married,Other,Once a week,,,Very conservative,2,Retired
1736,"West (WA, OR, ID, MT, WY, CA, NV, UT, CO, AZ, NM)",Female,50-64,College graduate/some postgrad,Other,,,Roman Catholic,Once a week,Democrat,,Moderate,2,Full-time employment
1740,"West (WA, OR, ID, MT, WY, CA, NV, UT, CO, AZ, NM)",Female,50-64,Postgraduate,Asian,"Yes, a citizen of the United States",Married,Atheist,Never,Democrat,,Very liberal,3 people,Part-time employment
1741,"South (TX, OK, AR, LA, KY, TN, MS, AL, WV, DC, MD, DE, VA, NC, SC, GA, FL)",Female,30-49,Associate's degree,White,,Married,Nothing in particular,Never,Democrat,,Liberal,2,Part-time employment
1742,"Northeast (PA, NY, NJ, RI, CT, MA, VT, NH, ME)",Male,18-29,College graduate/some postgrad,Black,"Yes, a citizen of the United States",,Muslim,Once a week,,,Moderate,3 people,Self-employed
1743,"Northeast (PA, NY, NJ, RI, CT, MA, VT, NH, ME)",Female,65+,Postgraduate,White,,Widowed,Roman Catholic,Once a week,Republican,,Conservative,3,Full-time employment
1744,"Midwest (ND, SD, NE, KS, MN, IA, MO, WI, IL, MI, IN, OH)",Female,50-64,"Some college, no degree",White,"Yes, a citizen of the United States",Divorced,Roman Catholic,Never,Democrat,"\$30,000-\$50,000",Moderate,2 people,Unemployed
1747,"West (WA, OR, ID, MT, WY, CA, NV, UT, CO, AZ, NM)",Female,65+,College graduate/some postgrad,White,"Yes, a citizen of the United States",Married,Other,Once a week,Republican,,Very conservative,3 people,Part-time employment
1749,"West (WA, OR, ID, MT, WY, CA, NV, UT, CO, AZ, NM)",Female,50-64,Postgraduate,White,,,Nothing in particular,Never,,,Moderate,1,Retired
1751,"South (TX, OK, AR, LA, KY, TN, MS, AL, WV, DC, MD, DE, VA, NC, SC, GA, FL)",Male,50-64,College graduate/some postgrad,White,"Yes, a citizen of the United States",,Nothing in particular,Seldom,,,Moderate,1 person,Full-time employment
1756,"South (TX, OK, AR, LA, KY, TN, MS, AL, WV, DC, MD, DE, VA, NC, SC, GA, FL)",Male,18-29,"Some college, no degree",White,"Yes, a citizen of the United States",Never been married,Agnostic,Never,,,Liberal,3 people,Part-time employment
1758,"West (WA, OR, ID, MT, WY, CA, NV, UT, CO, AZ, NM)",Female,30-49,College graduate/some postgrad,White,,Married,Mormon,Once or twice a month,,,Liberal,3,Full-time employment
1759,"South (TX, OK, AR, LA, KY, TN, MS, AL, WV, DC, MD, DE, VA, NC, SC, GA, FL)",Male,50-64,Postgraduate,Black,"Yes, a citizen of the United States",Married,Protestant,Once a week,Democrat,"\$100,000 or more",Liberal,More than 4,Full-time employment
1763,"West (WA, OR, ID, MT, WY, CA, NV, UT, CO, AZ, NM)",Male,30-49,"Some college, no degree",Other,,Never been married,Atheist,Never,Democrat,,Very liberal,4,Full-time employment
1764,"Midwest (ND, SD, NE, KS, MN, IA, MO, WI, IL, MI, IN, OH)",Female,65+,"Some college, no degree",White,,Married,Agnostic,Never,,,Moderate,2,Retired
1767,"South (TX, OK, AR, LA, KY, TN, MS, AL, WV, DC, MD, DE, VA, NC, SC, GA, FL)",Female,65+,Postgraduate,White,,Married,Roman Catholic,Once or twice a month,Democrat,,Liberal,2,Part-time employment
1768,"South (TX, OK, AR, LA, KY, TN, MS, AL, WV, DC, MD, DE, VA, NC, SC, GA, FL)",Male,30-49,Associate's degree,White,"Yes, a citizen of the United States",Married,Atheist,Never,Democrat,,Liberal,2 people,Full-time employment
1769,"South (TX, OK, AR, LA, KY, TN, MS, AL, WV, DC, MD, DE, VA, NC, SC, GA, FL)",Female,65+,Associate's degree,White,Yes,,Agnostic,Never,Democrat,"$50,000-$75,000",Moderate,More than 4,Retired
1770,"Midwest (ND, SD, NE, KS, MN, IA, MO, WI, IL, MI, IN, OH)",Female,50-64,College graduate/some postgrad,White,"Yes, a citizen of the United States",Widowed,Protestant,Once a week,,,Moderate,1 person,Part-time employment
1774,"South (TX, OK, AR, LA, KY, TN, MS, AL, WV, DC, MD, DE, VA, NC, SC, GA, FL)",Female,50-64,College graduate/some postgrad,White,,Married,Other,A few times a year,Republican,,Conservative,2,Full-time employment
1775,"West (WA, OR, ID, MT, WY, CA, NV, UT, CO, AZ, NM)",Female,50-64,Postgraduate,White,"Yes, a citizen of the United States",Married,Jewish,Seldom,,,Liberal,4 people,Full-time employment
1776,"West (WA, OR, ID, MT, WY, CA, NV, UT, CO, AZ, NM)",Female,18-29,College graduate/some postgrad,Hispanic,"Yes, a citizen of the United States",Never been married,Roman Catholic,Seldom,Democrat,,Liberal,3 people,Unemployed
1777,"West (WA, OR, ID, MT, WY, CA, NV, UT, CO, AZ, NM)",Male,30-49,"Some college, no degree",Other,,Never been married,Agnostic,Never,,,Liberal,2,Part-time employment
1778,"South (TX, OK, AR, LA, KY, TN, MS, AL, WV, DC, MD, DE, VA, NC, SC, GA, FL)",Male,65+,Postgraduate,White,"Yes, a citizen of the United States",Married,Protestant,Once a week,,,Conservative,More than 4,Full-time employment
1779,"Northeast (PA, NY, NJ, RI, CT, MA, VT, NH, ME)",Male,65+,Associate's degree,White,"Yes, a citizen of the United States",,Protestant,A few times a year,Democrat,"\$30,000-\$50,000",Moderate,3 people,Self-employed
1781,"South (TX, OK, AR, LA, KY, TN, MS, AL, WV, DC, MD, DE, VA, NC, SC, GA, FL)",Male,30-49,Postgraduate,White,"Yes, a citizen of the United States",Married,Protestant,Once a week,Democrat,"\$100,000 or more",Liberal,3 people,Full-time employment
1783,"South (TX, OK, AR, LA, KY, TN, MS, AL, WV, DC, MD, DE, VA, NC, SC, GA, FL)",Male,30-49,College graduate/some postgrad,Hispanic,"Yes, a citizen of the United States",Never been married,Agnostic,Never,,,Moderate,3 people,Full-time employment
1784,"Lives in the South (TX, OK, AR, LA, KY, TN, MS, AL, WV, DC, MD, DE, VA, NC, SC, GA, FL)",Female,30-49,"Some college, no degree",White,"Yes, a citizen of the United States",Never been married,Nothing in particular,Never,Independent,,Very liberal,2 people,Self-employed
1785,"South (TX, OK, AR, LA, KY, TN, MS, AL, WV, DC, MD, DE, VA, NC, SC, GA, FL)",Female,18-29,"Some college, no degree",Black,"Yes, a citizen of the United States",Never been married,Protestant,Once a week,,,Moderate,4 people,Student
1788,"South (TX, OK, AR, LA, KY, TN, MS, AL, WV, DC, MD, DE, VA, NC, SC, GA, FL)",Female,50-64,"Some college, no degree",Black,,Never been married,Protestant,Seldom,Independent,,Moderate,2,Part-time employment
1791,"South (TX, OK, AR, LA, KY, TN, MS, AL, WV, DC, MD, DE, VA, NC, SC, GA, FL)",Male,30-49,College graduate/some postgrad,White,"Yes, a citizen of the United States",,Agnostic,Never,,,Moderate,4 people,Full-time employment
1796,"South (TX, OK, AR, LA, KY, TN, MS, AL, WV, DC, MD, DE, VA, NC, SC, GA, FL)",Male,30-49,College graduate/some postgrad,White,,Married,Protestant,A few times a year,Independent,,Liberal,4,Self-employed
1798,"South (TX, OK, AR, LA, KY, TN, MS, AL, WV, DC, MD, DE, VA, NC, SC, GA, FL)",Female,50-64,Postgraduate,White,"Yes, a citizen of the United States",Married,Protestant,A few times a year,,,Conservative,2 people,Home-maker
1799,"South (TX, OK, AR, LA, KY, TN, MS, AL, WV, DC, MD, DE, VA, NC, SC, GA, FL)",Female,30-49,Postgraduate,White,,Married,Protestant,More than once a week,Republican,,Very conservative,4,Full-time employment
1804,"Midwest (ND, SD, NE, KS, MN, IA, MO, WI, IL, MI, IN, OH)",Male,18-29,"Some college, no degree",White,,Never been married,Protestant,Once or twice a month,Republican,,Conservative,3,Student
1809,"West (WA, OR, ID, MT, WY, CA, NV, UT, CO, AZ, NM)",Female,30-49,College graduate/some postgrad,White,"Yes, a citizen of the United States",Married,Agnostic,Never,,,Very liberal,4 people,Full-time employment
1813,"South (TX, OK, AR, LA, KY, TN, MS, AL, WV, DC, MD, DE, VA, NC, SC, GA, FL)",Male,30-49,College graduate/some postgrad,White,,Married,Agnostic,Seldom,Independent,,Conservative,4,Full-time employment
1816,"South (TX, OK, AR, LA, KY, TN, MS, AL, WV, DC, MD, DE, VA, NC, SC, GA, FL)",Female,30-49,High school graduate,White,"Yes, a citizen of the United States",Married,Other,Once a week,Republican,,Conservative,More than 4,Home-maker
1818,"West (WA, OR, ID, MT, WY, CA, NV, UT, CO, AZ, NM)",Female,30-49,College graduate/some postgrad,Hispanic,"Yes, a citizen of the United States",Never been married,Nothing in particular,Seldom,Something else,,Very liberal,4 people,Self-employed
1819,"South (TX, OK, AR, LA, KY, TN, MS, AL, WV, DC, MD, DE, VA, NC, SC, GA, FL)",Male,18-29,College graduate/some postgrad,White,,,Protestant,Seldom,Democrat,,Liberal,2,Full-time employment
1820,"South (TX, OK, AR, LA, KY, TN, MS, AL, WV, DC, MD, DE, VA, NC, SC, GA, FL)",Male,30-49,College graduate/some postgrad,Black,"Yes, a citizen of the United States",Never been married,Protestant,More than once a week,,,Moderate,1 person,Full-time employment
1821,"South (TX, OK, AR, LA, KY, TN, MS, AL, WV, DC, MD, DE, VA, NC, SC, GA, FL)",Male,50-64,"Some college, no degree",White,,Married,Protestant,A few times a year,Democrat,"Less than $30,000",Liberal,3,Self-employed
1822,"Midwest (ND, SD, NE, KS, MN, IA, MO, WI, IL, MI, IN, OH)",Female,50-64,High school graduate,Black,"Yes, a citizen of the United States",Never been married,Other,Seldom,Republican,,Conservative,2 people,Full-time employment
1823,"Northeast (PA, NY, NJ, RI, CT, MA, VT, NH, ME)",Male,65+,Associate's degree,White,,Married,Roman Catholic,A few times a year,Republican,,Very conservative,2,Retired
1824,"Northeast (PA, NY, NJ, RI, CT, MA, VT, NH, ME)",Female,50-64,High school graduate,Black,"Yes, a citizen of the United States",Married,Other,Seldom,,,Moderate,3 people,Part-time employment
1825,"South (TX, OK, AR, LA, KY, TN, MS, AL, WV, DC, MD, DE, VA, NC, SC, GA, FL)",Male,50-64,Associate's degree,White,,Married,Other,More than once a week,Republican,,Very conservative,3,Retired
1827,"Northeast (PA, NY, NJ, RI, CT, MA, VT, NH, ME)",Female,50-64,Associate's degree,White,"Yes, a citizen of the United States",Never been married,Protestant,Never,Democrat,"Less than $30,000",Liberal,1 person,Retired
1828,"Northeast (PA, NY, NJ, RI, CT, MA, VT, NH, ME)",Male,50-64,College graduate/some postgrad,Asian,"Yes, a citizen of the United States",Never been married,Roman Catholic,Seldom,Democrat,"\$30,000-\$50,000",Very liberal,1 person,Full-time employment
1830,"South (TX, OK, AR, LA, KY, TN, MS, AL, WV, DC, MD, DE, VA, NC, SC, GA, FL)",Male,18-29,High school graduate,White,"Yes, a citizen of the United States",Never been married,Atheist,Never,,,Liberal,2 people,Self-employed
1831,"Northeast (PA, NY, NJ, RI, CT, MA, VT, NH, ME)",Female,30-49,High school graduate,Hispanic,"Yes, a citizen of the United States",Never been married,Nothing in particular,Never,Democrat,"Less than $30,000",Very liberal,2 people,Unemployed
1836,"West (WA, OR, ID, MT, WY, CA, NV, UT, CO, AZ, NM)",Female,50-64,High school graduate,Hispanic,"Yes, a citizen of the United States",,Nothing in particular,Never,Republican,"Less than $30,000",Conservative,2 people,Retired
1838,"Lives in the South region of the United States (TX, OK, AR, LA, KY, TN, MS, AL, WV, DC, MD, DE, VA, NC, SC, GA, FL).",Female.,50-64 years old.,"Some college, no degree.",White.,"Yes, a citizen of the United States.",,Protestant.,Seldom attends religious services (aside from weddings and funerals).,Republican.,"\$50,000-\$75,000 per year.",Conservative.,2 people.,Self-employed.
1839,"South (TX, OK, AR, LA, KY, TN, MS, AL, WV, DC, MD, DE, VA, NC, SC, GA, FL)",Male,30-49,High school graduate,Other,,Never been married,Atheist,Never,,,Liberal,1,Full-time employment
1843,"South (TX, OK, AR, LA, KY, TN, MS, AL, WV, DC, MD, DE, VA, NC, SC, GA, FL)",Female,18-29,"Some college, no degree",White,"Yes, a citizen of the United States",Never been married,Other,Once a week,,,Conservative,2 people,Part-time employment
1848,"South (TX, OK, AR, LA, KY, TN, MS, AL, WV, DC, MD, DE, VA, NC, SC, GA, FL)",Female,18-29,"Some college, no degree",Other,,Married,Other,A few times a year,Independent,,Moderate,More than 4,Part-time employment
1849,"Midwest (ND, SD, NE, KS, MN, IA, MO, WI, IL, MI, IN, OH)",Male,18-29,High school graduate,White,,Never been married,Atheist,Never,Democrat,,Liberal,4 people,Unemployed
1854,"Midwest (ND, SD, NE, KS, MN, IA, MO, WI, IL, MI, IN, OH)",Male,18-29,Associate's degree,White,"Yes, a citizen of the United States",Never been married,Roman Catholic,Seldom,Republican,"Less than $30,000",Moderate,3 people,Part-time employment
1857,"Midwest (ND, SD, NE, KS, MN, IA, MO, WI, IL, MI, IN, OH)",Male,50-64,College graduate/some postgrad,White,,Never been married,Atheist,Never,Democrat,,Very liberal,1 person,Part-time employment
1859,"Northeast (PA, NY, NJ, RI, CT, MA, VT, NH, ME)",Female,30-49,College graduate/some postgrad,Other,,,Orthodox,More than once a week,Independent,,Moderate,3 people,Full-time employment
1860,"South (TX, OK, AR, LA, KY, TN, MS, AL, WV, DC, MD, DE, VA, NC, SC, GA, FL)",Male,30-49,Postgraduate,Hispanic,"Yes, a citizen of the United States",Married,Protestant,Once a week,Republican,,Very conservative,4 people,Full-time employment
1861,"South (TX, OK, AR, LA, KY, TN, MS, AL, WV, DC, MD, DE, VA, NC, SC, GA, FL)",Female,65+,College graduate/some postgrad,White,"Yes, a citizen of the United States",,Protestant,Never,,,Very liberal,1 person,Retired
1863,"West (WA, OR, ID, MT, WY, CA, NV, UT, CO, AZ, NM)",Male,50-64,Associate's degree,White,"Yes, a citizen of the United States",Never been married,Protestant,More than once a week,Republican,,Conservative,3 people,Retired
1865,"West (WA, OR, ID, MT, WY, CA, NV, UT, CO, AZ, NM)",Male,30-49,College graduate/some postgrad,White,"Yes, a citizen of the United States",Married,Protestant,Seldom,,,Very conservative,3 people,Self-employed
1866,"Midwest (ND, SD, NE, KS, MN, IA, MO, WI, IL, MI, IN, OH)",Male,65+,Associate's degree,White,"Yes, a citizen of the United States",Married,Nothing in particular,Seldom,,,Moderate,2 people,Part-time employment
1867,"Midwest (ND, SD, NE, KS, MN, IA, MO, WI, IL, MI, IN, OH)",Male,65+,"Some college, no degree",White,"Yes, a citizen of the United States",Widowed,Roman Catholic,A few times a year,Democrat,"\$30,000-\$50,000",Liberal,1 person,Part-time employment
1871,"South (TX, OK, AR, LA, KY, TN, MS, AL, WV, DC, MD, DE, VA, NC, SC, GA, FL)",Female,18-29,"Some college, no degree",White,,Never been married,Protestant,Once a week,Democrat,,Liberal,3 people,Student
1873,"South (TX, OK, AR, LA, KY, TN, MS, AL, WV, DC, MD, DE, VA, NC, SC, GA, FL)",Male,30-49,College graduate/some postgrad,Other,,Never been married,Nothing in particular,Never,,,Moderate,1,Full-time employment
1874,"South (TX, OK, AR, LA, KY, TN, MS, AL, WV, DC, MD, DE, VA, NC, SC, GA, FL)",Female,50-64,Postgraduate,White,,Divorced,Agnostic,Once a week,,,Very liberal,More than 4,Full-time employment
1875,"Midwest (ND, SD, NE, KS, MN, IA, MO, WI, IL, MI, IN, OH)",Male,65+,College graduate/some postgrad,White,"Yes, a citizen of the United States",Never been married,Roman Catholic,Seldom,,,Very liberal,1 person,Full-time employment
1876,"South (TX, OK, AR, LA, KY, TN, MS, AL, WV, DC, MD, DE, VA, NC, SC, GA, FL)",Male,65+,College graduate/some postgrad,White,,Married,Agnostic,Never,Democrat,,Very liberal,2,Full-time employment
1877,"Northeast (PA, NY, NJ, RI, CT, MA, VT, NH, ME)",Male,30-49,Postgraduate,White,,Married,Roman Catholic,A few times a year,Democrat,,Moderate,3 people,Full-time employment
1878,"Midwest (ND, SD, NE, KS, MN, IA, MO, WI, IL, MI, IN, OH)",Male,50-64,College graduate/some postgrad,Black,"Yes, a citizen of the United States",Never been married,Agnostic,Never,Democrat,,Moderate,1 person,Full-time employment
1879,"South (TX, OK, AR, LA, KY, TN, MS, AL, WV, DC, MD, DE, VA, NC, SC, GA, FL)",Female,50-64,Associate's degree,White,"Yes, a citizen of the United States",Separated,Protestant,Never,Republican,"$100,000 or more",Moderate,3 people,Retired
1881,"South (TX, OK, AR, LA, KY, TN, MS, AL, WV, DC, MD, DE, VA, NC, SC, GA, FL)",Female,50-64,Associate's degree,Black,"Yes, a citizen of the United States",Married,Protestant,Once a week,,,Conservative,3 people,Part-time employment
1882,"Northeast (PA, NY, NJ, RI, CT, MA, VT, NH, ME)",Female,50-64,College graduate/some postgrad,Asian,"Yes, a citizen of the United States",Never been married,Nothing in particular,Seldom,Democrat,"\$30,000-\$50,000",Moderate,1 person,Retired
1884,"West (WA, OR, ID, MT, WY, CA, NV, UT, CO, AZ, NM)",Male,30-49,College graduate/some postgrad,Asian,"Yes, a citizen of the United States",,Agnostic,Seldom,Democrat,,Moderate,2 people,Full-time employment
1885,"Northeast (PA, NY, NJ, RI, CT, MA, VT, NH, ME)",Female,50-64,College graduate/some postgrad,White,,Never been married,Agnostic,Never,Independent,,Liberal,1 person,Full-time employment
1888,"West (WA, OR, ID, MT, WY, CA, NV, UT, CO, AZ, NM)",Female,30-49,Postgraduate,Asian,,Married,Nothing in particular,Never,,,Liberal,More than 4,Full-time employment
1889,"West (WA, OR, ID, MT, WY, CA, NV, UT, CO, AZ, NM)",Male,65+,"Some college, no degree",White,"Yes, a citizen of the United States",Never been married,Atheist,Never,Democrat,"Less than $30,000",Liberal,1,Retired
1890,"West (WA, OR, ID, MT, WY, CA, NV, UT, CO, AZ, NM)",Female,50-64,"Some college, no degree",White,,Widowed,Atheist,Never,Democrat,,Liberal,1,Full-time employment
1891,"South (TX, OK, AR, LA, KY, TN, MS, AL, WV, DC, MD, DE, VA, NC, SC, GA, FL)",Male,30-49,College graduate/some postgrad,White,"Yes, a citizen of the United States",Never been married,Protestant,Never,Democrat,,Very liberal,3 people,Self-employed
1894,"Midwest (ND, SD, NE, KS, MN, IA, MO, WI, IL, MI, IN, OH)",Male,18-29,"Some college, no degree",Asian,"Yes, a citizen of the United States",Never been married,Protestant,Once a week,Something else,,Moderate,More than 4,Student
1896,"Northeast (PA, NY, NJ, RI, CT, MA, VT, NH, ME)",Male,65+,College graduate/some postgrad,White,,Never been married,Protestant,Seldom,Independent,"Less than $30,000",Moderate,1,Retired
1898,"South (TX, OK, AR, LA, KY, TN, MS, AL, WV, DC, MD, DE, VA, NC, SC, GA, FL)",Female,50-64,"Some college, no degree",White,"Yes, a citizen of the United States",Married,Agnostic,Never,Democrat,,Liberal,3,Retired
1902,"South (TX, OK, AR, LA, KY, TN, MS, AL, WV, DC, MD, DE, VA, NC, SC, GA, FL)",Female,50-64,College graduate/some postgrad,White,,Married,Agnostic,Never,Democrat,,Liberal,2,Part-time employment
1903,"South (TX, OK, AR, LA, KY, TN, MS, AL, WV, DC, MD, DE, VA, NC, SC, GA, FL)",Male,50-64,"Some college, no degree",White,,Never been married,Atheist,Never,Independent,,Moderate,1,Part-time employment
1905,"West (WA, OR, ID, MT, WY, CA, NV, UT, CO, AZ, NM)",Male,65+,Associate's degree,Hispanic,"Yes, a citizen of the United States",Never been married,Roman Catholic,Seldom,Democrat,"\$30,000-\$50,000",Moderate,1 person,Self-employed
1906,"Midwest (ND, SD, NE, KS, MN, IA, MO, WI, IL, MI, IN, OH)",Male,65+,Postgraduate,White,,Married,Protestant,More than once a week,Republican,,Very conservative,More than 4,Full-time employment
1907,"Midwest (ND, SD, NE, KS, MN, IA, MO, WI, IL, MI, IN, OH)",Female,50-64,"Some college, no degree",White,,Married,Agnostic,Never,Republican,,Conservative,2,Self-employed
1908,"West (WA, OR, ID, MT, WY, CA, NV, UT, CO, AZ, NM)",Female,50-64,College graduate/some postgrad,White,,Widowed,Agnostic,Seldom,,,Liberal,1,Part-time employment
1909,"West (WA, OR, ID, MT, WY, CA, NV, UT, CO, AZ, NM)",Male,30-49,College graduate/some postgrad,Other,,Never been married,Agnostic,Seldom,,,Moderate,2,Unemployed
1910,"South (TX, OK, AR, LA, KY, TN, MS, AL, WV, DC, MD, DE, VA, NC, SC, GA, FL)",Female,50-64,College graduate/some postgrad,White,"Yes, a citizen of the United States",Married,Roman Catholic,Once a week,Republican,,Very conservative,More than 4,Part-time employment
1916,"South (TX, OK, AR, LA, KY, TN, MS, AL, WV, DC, MD, DE, VA, NC, SC, GA, FL)",Female,50-64,High school graduate,White,"Yes, a citizen of the United States",,Protestant,Seldom,Republican,"Less than $30,000",Conservative,1 person,Unemployed
1917,"Northeast (PA, NY, NJ, RI, CT, MA, VT, NH, ME)",Male,50-64,"Some college, no degree",White,,Divorced,Protestant,A few times a year,Democrat,,Moderate,1 person,Retired
1920,"West (WA, OR, ID, MT, WY, CA, NV, UT, CO, AZ, NM)",Female,30-49,College graduate/some postgrad,White,,Never been married,Jewish,Never,Independent,,Very liberal,1,Self-employed
1921,"South (TX, OK, AR, LA, KY, TN, MS, AL, WV, DC, MD, DE, VA, NC, SC, GA, FL)",Female,50-64,College graduate/some postgrad,White,"Yes, a citizen of the United States",Married,Protestant,Seldom,Republican,,Conservative,2,Retired
1926,"West (WA, OR, ID, MT, WY, CA, NV, UT, CO, AZ, NM)",Male,30-49,"Some college, no degree",Hispanic,"Yes, a citizen of the United States",Married,Atheist,Never,Democrat,,Liberal,4,Full-time employment
1927,"Midwest (ND, SD, NE, KS, MN, IA, MO, WI, IL, MI, IN, OH)",Male,18-29,College graduate/some postgrad,White,"Yes, US Citizen",Never been married,Protestant,Seldom,Democrat,,Moderate,3 people,Full-time employment
1928,"Northeast (PA, NY, NJ, RI, CT, MA, VT, NH, ME)",Female,18-29,College graduate/some postgrad,Other,,Never been married,Nothing in particular,Never,Independent,,Moderate,4 people,Self-employed
1929,"Midwest (ND, SD, NE, KS, MN, IA, MO, WI, IL, MI, IN, OH)",Male,50-64,Postgraduate,White,,Divorced,Protestant,Never,,,Liberal,2 people,Retired
1931,"Northeast (PA, NY, NJ, RI, CT, MA, VT, NH, ME)",Female,50-64,"Some college, no degree",Other,,,Other,A few times a year,Something else,,Liberal,4,Home-maker
1933,"Midwest (ND, SD, NE, KS, MN, IA, MO, WI, IL, MI, IN, OH)",Male,18-29,College graduate/some postgrad,White,,,Protestant,Never,,,Very liberal,2,Full-time employment
1934,"Midwest (ND, SD, NE, KS, MN, IA, MO, WI, IL, MI, IN, OH)",Male,18-29,College graduate/some postgrad,White,"Yes, a citizen of the United States",,Protestant,Once or twice a month,,,Conservative,4 people,Full-time employment
1935,"South (TX, OK, AR, LA, KY, TN, MS, AL, WV, DC, MD, DE, VA, NC, SC, GA, FL)",Male,50-64,Associate's degree,White,"Yes, a citizen of the United States",Married,Protestant,Once a week,,,Very conservative,2 people,Retired
1937,"South (TX, OK, AR, LA, KY, TN, MS, AL, WV, DC, MD, DE, VA, NC, SC, GA, FL)",Male,30-49,College graduate/some postgrad,Black,"Yes, a citizen of the United States",Never been married,Agnostic,Never,,,Moderate,1 person,Self-employed
1938,"South (TX, OK, AR, LA, KY, TN, MS, AL, WV, DC, MD, DE, VA, NC, SC, GA, FL)",Female,50-64,College graduate/some postgrad,White,"Yes, a citizen of the United States",Widowed,Protestant,A few times a year,Democrat,,Liberal,2 people,Unemployed
1939,"West (WA, OR, ID, MT, WY, CA, NV, UT, CO, AZ, NM)",Female,65+,Associate's degree,White,"Yes, a citizen of the United States",Married,Roman Catholic,Seldom,,,Moderate,2 people,Retired
1941,"South (TX, OK, AR, LA, KY, TN, MS, AL, WV, DC, MD, DE, VA, NC, SC, GA, FL)",Female,50-64,Associate's degree,Black,"Yes, a citizen of the United States",,Protestant,Once a week,,,Liberal,3 people,Full-time employment
1944,"West (WA, OR, ID, MT, WY, CA, NV, UT, CO, AZ, NM)",Female,65+,Postgraduate,White,"Yes, a citizen of the United States",Married,Roman Catholic,Once or twice a month,Democrat,,Liberal,2 people,Self-employed
1945,"Midwest (ND, SD, NE, KS, MN, IA, MO, WI, IL, MI, IN, OH)",Female,65+,Associate's degree,White,"Yes, a citizen of the United States",Never been married,Roman Catholic,Seldom,Democrat,,Liberal,1 person,Retired
1946,"Midwest (ND, SD, NE, KS, MN, IA, MO, WI, IL, MI, IN, OH)",Female,18-29,Postgraduate,Black,"Yes, a citizen of the United States",Married,Protestant,Once a week,Democrat,,Liberal,3 people,Part-time employment
1947,"Northeast (PA, NY, NJ, RI, CT, MA, VT, NH, ME)",Female,65+,Postgraduate,White,,Married,Protestant,A few times a year,Democrat,,Liberal,3,Retired
1948,"West (WA, OR, ID, MT, WY, CA, NV, UT, CO, AZ, NM)",Female,30-49,College graduate/some postgrad,Black,"Yes, a citizen of the United States",,Roman Catholic,Never,,,Moderate,2 people,Full-time employment
1949,"Midwest (ND, SD, NE, KS, MN, IA, MO, WI, IL, MI, IN, OH)",Female,65+,Associate's degree,White,"Yes, a citizen of the United States",Divorced,Protestant,Once or twice a month,,,Moderate,1 person,Self-employed
1951,"South (TX, OK, AR, LA, KY, TN, MS, AL, WV, DC, MD, DE, VA, NC, SC, GA, FL)",Male,18-29,"Some college, no degree",White,"Yes, a citizen of the United States",Never been married,Other,Seldom,,,Liberal,4 people,Unemployed
1952,"South (TX, OK, AR, LA, KY, TN, MS, AL, WV, DC, MD, DE, VA, NC, SC, GA, FL)",Male,50-64,High school graduate,White,,Widowed,Nothing in particular,Never,Independent,,Moderate,3,Retired
1953,"Northeast (PA, NY, NJ, RI, CT, MA, VT, NH, ME)",Male,18-29,Associate's degree,White,"Yes, a citizen of the United States",Never been married,Protestant,Seldom,Republican,,Moderate,3 people,Student
1954,"Northeast (PA, NY, NJ, RI, CT, MA, VT, NH, ME)",Female,50-64,High school graduate,Other,,Widowed,Muslim,Once a week,Democrat,,Moderate,3,Retired
1957,"Northeast (PA, NY, NJ, RI, CT, MA, VT, NH, ME)",Female,30-49,College graduate/some postgrad,Asian,"Yes, a citizen of the United States",,Nothing in particular,Seldom,,,Very liberal,1 person,Self-employed
1958,"Midwest (ND, SD, NE, KS, MN, IA, MO, WI, IL, MI, IN, OH)",Male,50-64,Postgraduate,White,"Yes, a citizen of the United States",Married,Orthodox,Once a week,Republican,,Conservative,More than 4,Full-time employment
1963,"West (WA, OR, ID, MT, WY, CA, NV, UT, CO, AZ, NM)",Female,50-64,College graduate/some postgrad,White,,Never been married,Agnostic,Never,Democrat,,Liberal,1,Self-employed
1964,"South (TX, OK, AR, LA, KY, TN, MS, AL, WV, DC, MD, DE, VA, NC, SC, GA, FL)",Male,50-64,Associate's degree,White,"Yes, a citizen of the United States",Married,Protestant,Seldom,,,Very conservative,4 people,Retired
1965,"West (WA, OR, ID, MT, WY, CA, NV, UT, CO, AZ, NM)",Male,30-49,"Some college, no degree",White,"Yes, a citizen of the United States",Never been married,Atheist,Never,Democrat,"Less than $30,000",Very liberal,1 person,Unemployed
1966,"Midwest (ND, SD, NE, KS, MN, IA, MO, WI, IL, MI, IN, OH)",Male,50-64,"Some college, no degree",White,,,Nothing in particular,Seldom,Independent,"Less than $30,000",Conservative,1 person,Part-time employment
1970,"South (TX, OK, AR, LA, KY, TN, MS, AL, WV, DC, MD, DE, VA, NC, SC, GA, FL)",Female,30-49,High school graduate,Hispanic,"Yes, a citizen of the United States",Separated,Roman Catholic,Seldom,,,Moderate,2 people,Home-maker
1973,"South (TX, OK, AR, LA, KY, TN, MS, AL, WV, DC, MD, DE, VA, NC, SC, GA, FL)",Male,30-49,College graduate/some postgrad,White,Yes,Never been married,Atheist,Seldom,Democrat,,Liberal,1,Part-time employment
1974,"South (TX, OK, AR, LA, KY, TN, MS, AL, WV, DC, MD, DE, VA, NC, SC, GA, FL)",Female,65+,Associate's degree,White,"Yes, a citizen of the United States",,Protestant,Seldom,,,Moderate,2 people,Retired
1975,"Midwest (ND, SD, NE, KS, MN, IA, MO, WI, IL, MI, IN, OH)",Female,50-64,College graduate/some postgrad,White,,Divorced,Roman Catholic,Never,Independent,,Moderate,1,Retired
1980,"Midwest (ND, SD, NE, KS, MN, IA, MO, WI, IL, MI, IN, OH)",Male,30-49,Associate's degree,White,"Yes, a citizen of the United States",Married,Other,Seldom,,,Moderate,3 people,Full-time employment
1982,"South (TX, OK, AR, LA, KY, TN, MS, AL, WV, DC, MD, DE, VA, NC, SC, GA, FL)",Female,18-29,High school graduate,Hispanic,"Yes, a citizen of the United States",Never been married,Nothing in particular,Seldom,Democrat,,Liberal,2 people,Unemployed
1983,"Northeast (PA, NY, NJ, RI, CT, MA, VT, NH, ME)",Female,65+,"Some college, no degree",Other,,Divorced,Other,Never,Republican,,Conservative,1,Retired
1984,"West (WA, OR, ID, MT, WY, CA, NV, UT, CO, AZ, NM)",Female,30-49,College graduate/some postgrad,White,,,Agnostic,Never,Republican,,Moderate,More than 4,Part-time employment
1985,"South (TX, OK, AR, LA, KY, TN, MS, AL, WV, DC, MD, DE, VA, NC, SC, GA, FL)",Male,30-49,Postgraduate,White,,Never been married,Buddhist,Never,,,Moderate,1,Full-time employment
1987,"Northeast (PA, NY, NJ, RI, CT, MA, VT, NH, ME)",Male,30-49,"Some college, no degree",Black,,Separated,Atheist,Seldom,Democrat,,Liberal,1,Full-time employment
1988,"West (WA, OR, ID, MT, WY, CA, NV, UT, CO, AZ, NM)",Male,30-49,Less than high school,White,"Yes, a citizen of the United States",,Buddhist,Once a week,Democrat,,Liberal,3 people,Home-maker
1990,"Northeast (PA, NY, NJ, RI, CT, MA, VT, NH, ME)",Male,50-64,Associate's degree,Asian,"Yes, a citizen of the United States",Married,Atheist,Never,,,Liberal,3 people,Full-time employment
1991,"South (TX, OK, AR, LA, KY, TN, MS, AL, WV, DC, MD, DE, VA, NC, SC, GA, FL)",Male,18-29,"Some college, no degree",White,"Yes, a citizen of the United States",Never been married,Atheist,Never,,"Less than $30,000",Liberal,2 people,Unemployed
1998,"South (TX, OK, AR, LA, KY, TN, MS, AL, WV, DC, MD, DE, VA, NC, SC, GA, FL)",Female,30-49,Associate's degree,Other,,,Other,Seldom,Independent,,Moderate,3,Self-employed
1999,"Northeast (PA, NY, NJ, RI, CT, MA, VT, NH, ME)",Female,50-64,"Some college, no degree",White,,Divorced,Protestant,A few times a year,Republican,,Conservative,3,Full-time employment
2000,"Northeast (PA, NY, NJ, RI, CT, MA, VT, NH, ME)",Male,50-64,College graduate/some postgrad,White,,Never been married,Jewish,Seldom,Independent,,Moderate,1,Self-employed
2002,"West (WA, OR, ID, MT, WY, CA, NV, UT, CO, AZ, NM)",Male,30-49,"Some college, no degree",Hispanic,"Yes, a citizen of the United States",Married,Other,Seldom,Democrat,,Liberal,3,Full-time employment
2004,"South (TX, OK, AR, LA, KY, TN, MS, AL, WV, DC, MD, DE, VA, NC, SC, GA, FL)",Female,30-49,High school graduate,Black,"Yes, a citizen of the United States",,Protestant,Seldom,,,Liberal,4 people,Part-time employment
2009,"Lives in the South (TX, OK, AR, LA, KY, TN, MS, AL, WV, DC, MD, DE, VA, NC, SC, GA, FL)",Female,30-49,Associate's degree,Hispanic,"Yes, a citizen of the United States",,Nothing in particular,Never,,,Moderate,4 people,Self-employed
2010,"Midwest (ND, SD, NE, KS, MN, IA, MO, WI, IL, MI, IN, OH)",Female,50-64,College graduate/some postgrad,White,,Married,Nothing in particular,Seldom,Democrat,,Moderate,3,Retired
2011,"South (TX, OK, AR, LA, KY, TN, MS, AL, WV, DC, MD, DE, VA, NC, SC, GA, FL)",Female,18-29,High school graduate,Black,"Yes, a citizen of the United States",Never been married,Nothing in particular,Once a week,,,Moderate,More than 4,Student
2012,"West (WA, OR, ID, MT, WY, CA, NV, UT, CO, AZ, NM)",Female,50-64,Postgraduate,White,"Yes, a citizen of the United States",Married,Protestant,Once a week,Republican,"\$100,000 or more",Conservative,3 people,Full-time employment
2014,"South (TX, OK, AR, LA, KY, TN, MS, AL, WV, DC, MD, DE, VA, NC, SC, GA, FL)",Female,30-49,Associate's degree,Black,"Yes, a citizen of the United States",Never been married,Other,Seldom,Democrat,"Less than $30,000",Moderate,4 people,Full-time employment
2015,"Midwest (ND, SD, NE, KS, MN, IA, MO, WI, IL, MI, IN, OH)",Male,18-29,High school graduate,Black,"Yes, a citizen of the United States",Never been married,Atheist,Never,Democrat,"Less than $30,000",Liberal,3 people,Unemployed
2016,"Midwest (ND, SD, NE, KS, MN, IA, MO, WI, IL, MI, IN, OH)",Male,65+,College graduate/some postgrad,Asian,,Married,Nothing in particular,Never,,,Liberal,2 people,Retired
2018,"South (TX, OK, AR, LA, KY, TN, MS, AL, WV, DC, MD, DE, VA, NC, SC, GA, FL)",Male,30-49,"Some college, no degree",Black,,Never been married,Protestant,A few times a year,,,Liberal,2,Part-time employment
2020,"Midwest (ND, SD, NE, KS, MN, IA, MO, WI, IL, MI, IN, OH)",Female,65+,Associate's degree,White,"Yes, a citizen of the United States",Married,Protestant,Once a week,,,Conservative,2 people,Part-time employment
2025,"Midwest (ND, SD, NE, KS, MN, IA, MO, WI, IL, MI, IN, OH)",Female,50-64,"Some college, no degree",White,,Married,Buddhist,Once a week,,,Moderate,2 people,Self-employed
2026,"South (TX, OK, AR, LA, KY, TN, MS, AL, WV, DC, MD, DE, VA, NC, SC, GA, FL)",Male,65+,Postgraduate,Other,,Married,Other,Seldom,,,Very liberal,2,Retired
2027,"West (WA, OR, ID, MT, WY, CA, NV, UT, CO, AZ, NM)",Male,30-49,Postgraduate,Black,"Yes, a citizen of the United States",Married,Roman Catholic,Once or twice a month,,,Liberal,4 people,Full-time employment
2029,"Northeast (PA, NY, NJ, RI, CT, MA, VT, NH, ME)",Male,65+,Postgraduate,White,,Married,Roman Catholic,Once a week,,,Liberal,2,Retired
2030,"West (WA, OR, ID, MT, WY, CA, NV, UT, CO, AZ, NM)",Female,30-49,Postgraduate,White,"Yes, a citizen of the United States",,Nothing in particular,A few times a year,Republican,"\$75,000-\$100,000",Conservative,3 people,Self-employed
2034,"South (TX, OK, AR, LA, KY, TN, MS, AL, WV, DC, MD, DE, VA, NC, SC, GA, FL)",Male,50-64,Postgraduate,White,,Married,Atheist,Never,Independent,,Liberal,3,Full-time employment
2044,"Midwest (ND, SD, NE, KS, MN, IA, MO, WI, IL, MI, IN, OH)",Female,30-49,Postgraduate,Other,,Never been married,Protestant,Seldom,Independent,,Moderate,2,Part-time employment
2046,"South (TX, OK, AR, LA, KY, TN, MS, AL, WV, DC, MD, DE, VA, NC, SC, GA, FL)",Female,18-29,College graduate/some postgrad,White,"Yes, a citizen of the United States",Never been married,Agnostic,Never,Democrat,"\$100,000 or more",Very liberal,3 people,Unemployed
2047,"South (TX, OK, AR, LA, KY, TN, MS, AL, WV, DC, MD, DE, VA, NC, SC, GA, FL)",Male,30-49,Postgraduate,White,"Yes, a citizen of the United States",Never been married,Protestant,Seldom,Democrat,,Liberal,4,Part-time employment
2048,"South (TX, OK, AR, LA, KY, TN, MS, AL, WV, DC, MD, DE, VA, NC, SC, GA, FL)",Male,50-64,Postgraduate,Black,"Yes, a citizen of the United States",Married,Protestant,Once a week,Democrat,,Liberal,2 people,Part-time employment
2053,"South (TX, OK, AR, LA, KY, TN, MS, AL, WV, DC, MD, DE, VA, NC, SC, GA, FL)",Female,30-49,"Some college, no degree",White,,Never been married,Atheist,Seldom,Independent,,Moderate,1,Full-time employment
2055,"West (WA, OR, ID, MT, WY, CA, NV, UT, CO, AZ, NM)",Female,65+,Less than high school,White,"Yes, a citizen of the United States",Married,Protestant,Never,,,Conservative,2 people,Unemployed
2056,"South (TX, OK, AR, LA, KY, TN, MS, AL, WV, DC, MD, DE, VA, NC, SC, GA, FL)",Male,30-49,Associate's degree,Other,,Never been married,Agnostic,Never,Independent,,Moderate,1,Self-employed
2057,"Midwest (ND, SD, NE, KS, MN, IA, MO, WI, IL, MI, IN, OH)",Male,30-49,Postgraduate,White,,Never been married,Roman Catholic,A few times a year,Democrat,,Liberal,2 people,Full-time employment
